Year,Rnd,DT,OvPck,FrRnd,RdPck,Tm,Signed,Bonus,Name,Pos,WAR,G_Hitter,AB,HR,BA,OPS,G_Pitcher,W,L,ERA,WHIP,SV,Type,Drafted Out of
2004,1,NA,1,FrRnd,1,Padres,Y,"$3,150,000 ",Matt Bush (minors),SS,1.7,8,0,0,NA,NA,217,12,11,3.75,1.2,15,HS,"Mission Bay HS (San Diego, CA)"
2004,1,NA,2,FrRnd,2,Tigers,Y,"$3,120,000 ",Justin Verlander (minors),RHP,80.9,24,50,0,0.1,0.2,509,257,141,3.24,1.12,0,4Yr,"Old Dominion University (Norfolk, VA)"
2004,1,NA,3,FrRnd,3,Mets,Y,"$3,000,000 ",Philip Humber (minors),RHP,0.9,9,11,0,0.091,0.182,97,16,23,5.31,1.42,0,4Yr,"Rice University (Houston, TX)"
2004,1,NA,4,FrRnd,4,Devil Rays,Y,"$3,200,000 ",Jeff Niemann (minors),RHP,4.3,9,13,0,0.077,0.154,97,40,26,4.08,1.29,0,4Yr,"Rice University (Houston, TX)"
2004,1,NA,5,FrRnd,5,Brewers,Y,"$2,200,000 ",Mark Rogers (minors),RHP,1.1,12,16,0,0.25,0.625,11,3,1,3.49,1.12,0,HS,"Mount Ararat School (Topsham, ME)"
2004,1,NA,6,FrRnd,6,Indians,Y,"$2,475,000 ",Jeremy Sowers (minors),LHP,1.6,4,4,0,0.25,0.75,72,18,30,5.18,1.44,0,4Yr,"Vanderbilt University (Nashville, TN)"
2004,1,NA,7,FrRnd,7,Reds,Y,"$2,300,000 ",Homer Bailey (minors),RHP,6.2,208,373,0,0.164,0.375,245,81,86,4.56,1.37,0,HS,"La Grange HS (La Grange, TX)"
2004,1,NA,8,FrRnd,8,Orioles,N,,Wade Townsend (minors),RHP,NA,NA,NA,NA,NA,NA,NA,NA,NA,NA,NA,NA,4Yr,"Rice University (Houston, TX)"
2004,1,NA,9,FrRnd,9,Rockies,Y,"$2,150,000 ",Chris Nelson (minors),SS,-2.6,282,834,16,0.265,0.699,NA,NA,NA,NA,NA,NA,HS,"Redan HS (Stone Mountain, GA)"
2004,1,NA,10,FrRnd,10,Rangers,Y,"$2,025,000 ",Thomas Diamond (minors),RHP,-0.5,16,7,0,0,0.125,16,1,3,6.83,1.76,0,4Yr,"University of New Orleans (New Orleans, LA)"
2004,1,NA,11,FrRnd,11,Pirates,Y,"$1,950,000 ",Neil Walker (minors),C,19.6,1306,4583,149,0.267,0.764,1,0,0,0,1.5,0,HS,"Pine-Richland HS (Gibsonia, PA)"
2004,1,NA,12,FrRnd,12,Angels,Y,"$4,000,000 ",Jered Weaver (minors),RHP,34.6,28,55,0,0.073,0.178,331,150,98,3.63,1.19,0,4Yr,"California State University, Long Beach (Long Beach, CA)"
2004,1,NA,13,FrRnd,13,Expos,Y,"$1,750,000 ",Bill Bray (minors),LHP,2.3,243,1,0,0,0,258,13,12,3.74,1.38,3,4Yr,"College of William and Mary (Williamsburg, VA)"
2004,1,NA,14,FrRnd,14,Royals,Y,"$1,450,000 ",Billy Butler (minors),3B,11.9,1414,5105,147,0.29,0.795,NA,NA,NA,NA,NA,NA,HS,"Wolfson HS (Jacksonville, FL)"
2004,1,NA,15,FrRnd,15,Diamondbacks,Y,"$4,000,000 ",Stephen Drew (minors),SS,15.9,1268,4403,123,0.252,0.741,NA,NA,NA,NA,NA,NA,4Yr,"Florida State University (Tallahassee, FL)"
2004,1,NA,16,FrRnd,16,Blue Jays,Y,"$1,600,000 ",David Purcey (minors),LHP,0.1,7,1,0,0,0,111,7,13,4.98,1.54,1,4Yr,"University of Oklahoma (Norman, OK)"
2004,1,NA,17,FrRnd,17,Dodgers,Y,"$1,575,000 ",Scott Elbert (minors),LHP,1.5,120,6,0,0.167,0.5,127,4,3,3.54,1.33,2,HS,"Seneca HS (Seneca, MO)"
2004,1,NA,18,FrRnd,18,White Sox,Y,"$1,550,000 ",Josh Fields (minors),3B,-1.1,217,713,34,0.234,0.724,NA,NA,NA,NA,NA,NA,4Yr,"Oklahoma State University (Stillwater, OK)"
2004,1,NA,19,FrRnd,19,Cardinals,Y,"$1,525,000 ",Chris Lambert (minors),RHP,-0.8,0,0,0,NA,NA,14,1,3,7.36,1.97,0,4Yr,"Boston College (Chestnut Hill, MA)"
2004,1,NA,20,FrRnd,20,Twins,Y,"$1,500,000 ",Trevor Plouffe (minors),SS,7.3,830,2933,106,0.242,0.714,NA,NA,NA,NA,NA,NA,HS,"Crespi Carmelite HS (Encino, CA)"
2004,1,NA,21,FrRnd,21,Phillies,Y,"$1,475,000 ",Greg Golson (minors),OF,-0.6,40,41,0,0.195,0.458,NA,NA,NA,NA,NA,NA,HS,"John B. Connally HS (Austin, TX)"
2004,1,NA,22,FrRnd,22,Twins via Mariners,Y,"$1,425,000 ",*Glen Perkins (minors),LHP,8.9,24,4,0,0,0,409,35,25,3.88,1.29,120,4Yr,"University of Minnesota (Minneapolis, MN)"
2004,1,NA,23,FrRnd,23,Yankees via Astros,Y,"$1,400,000 ",*Phil Hughes (minors),RHP,11,32,18,0,0,0,290,88,79,4.52,1.31,3,HS,"Foothill HS (Santa Ana, CA)"
2004,1,NA,24,FrRnd,24,Athletics via Red Sox,Y,"$1,000,000 ",*Landon Powell (minors),C,0.2,123,363,10,0.207,0.612,NA,NA,NA,NA,NA,NA,4Yr,"University of South Carolina (Columbia, SC)"
2004,1,NA,25,FrRnd,25,Twins via Cubs,Y,"$1,000,000 ",*Kyle Waldrop (minors),RHP,0.5,0,0,0,NA,NA,24,1,1,3.62,1.52,0,HS,"Farragut HS (Knoxville, TN)"
2004,1,NA,26,FrRnd,26,Athletics,Y,"$1,325,000 ",Richie Robnett (minors),OF,NA,NA,NA,NA,NA,NA,NA,NA,NA,NA,NA,NA,4Yr,"California State University, Fresno (Fresno, CA)"
2004,1,NA,27,FrRnd,27,Marlins,Y,"$1,300,000 ",Taylor Tankersley (minors),LHP,0.6,160,2,0,0,0,168,8,3,4.58,1.52,4,4Yr,"University of Alabama (Tuscaloosa, AL)"
2004,1,NA,28,FrRnd,28,Dodgers via Yankees,Y,"$1,200,000 ",*Blake DeWitt (minors),2B,1.9,426,1119,21,0.257,0.705,NA,NA,NA,NA,NA,NA,HS,"Sikeston HS (Sikeston, MO)"
2004,1,NA,29,FrRnd,29,Royals via Giants,Y,"$1,100,000 ",*Matt Campbell (minors),lHP,NA,NA,NA,NA,NA,NA,NA,NA,NA,NA,NA,NA,4Yr,"University of South Carolina (Columbia, SC)"
2004,1,NA,30,FrRnd,30,Rangers via Braves,Y,"$1,050,000 ",*Eric Hurley (minors),RHP,0.1,1,2,0,0.5,1,5,1,2,5.47,1.42,0,HS,"Wolfson HS (Jacksonville, FL)"
2004,1s,NA,31,FrRnd,31,Royals,Y,"$1,000,000 ",*J.P. Howell (minors),LHP,7.8,273,13,0,0.154,0.308,547,36,30,3.83,1.34,22,4Yr,"University of Texas at Austin (Austin, TX)"
2004,1s,NA,32,FrRnd,32,Blue Jays,Y,"$1,017,500 ",*Zach Jackson (minors),LHP,-0.8,8,9,0,0.111,0.222,22,4,5,5.81,1.57,0,4Yr,"Texas A&M University (College Station, TX)"
2004,1s,NA,33,FrRnd,33,Dodgers,Y,"$1,000,000 ",*Justin Orenduff (minors),RHP,NA,NA,NA,NA,NA,NA,NA,NA,NA,NA,NA,NA,4Yr,"Virginia Commonwealth University (Richmond, VA)"
2004,1s,NA,34,FrRnd,34,White Sox,Y,"$975,000 ",*Tyler Lumsden (minors),LHP,NA,NA,NA,NA,NA,NA,NA,NA,NA,NA,NA,NA,4Yr,"Clemson University (Clemson, SC)"
2004,1s,NA,35,FrRnd,35,Twins,Y,"$950,000 ",*Matt Fox (minors),RHP,0,0,0,0,NA,NA,4,0,0,4.91,1.36,0,4Yr,"University of Central Florida (Orlando, FL)"
2004,1s,NA,36,FrRnd,36,Athletics,Y,"$950,000 ",*Danny Putnam (minors),OF,-0.2,11,28,1,0.214,0.612,NA,NA,NA,NA,NA,NA,4Yr,"Stanford University (Palo Alto, CA)"
2004,1s,NA,37,FrRnd,37,Yankees,Y,"$925,000 ",*Jon Poterson (minors),C,NA,NA,NA,NA,NA,NA,NA,NA,NA,NA,NA,NA,HS,"Chandler HS (Chandler, AZ)"
2004,1s,NA,38,FrRnd,38,White Sox,Y,"$850,000 ",*Gio Gonzalez (minors),lHP,28.3,221,410,3,0.09,0.247,344,131,101,3.7,1.32,0,HS,"Monsignor Edward Pace HS (Miami Gardens, FL)"
2004,1s,NA,39,FrRnd,39,Twins,Y,"$875,000 ",*Jay Rainville (minors),RHP,NA,NA,NA,NA,NA,NA,NA,NA,NA,NA,NA,NA,HS,"Bishop Hendricken HS (Warwick, RI)"
2004,1s,NA,40,FrRnd,40,Athletics,Y,"$800,000 ",*Huston Street (minors),RHP,14.5,304,2,0,0,0,668,42,34,2.95,1.07,324,4Yr,"University of Texas at Austin (Austin, TX)"
2004,1s,NA,41,FrRnd,41,Yankees,Y,"$790,000 ",*Jeff Marquez (minors),RHP,0,1,0,0,NA,NA,4,0,0,5.4,1.4,0,JC,"Sacramento City College (Sacramento, CA)"
2005,1,NA,1,FrRnd,1,Diamondbacks,Y,"$6,100,000 ",Justin Upton (minors),SS,32.3,1845,6721,325,0.261,0.812,NA,NA,NA,NA,NA,NA,HS,"Great Bridge HS (Chesapeake, VA)"
2005,1,NA,2,FrRnd,2,Royals,Y,"$4,000,000 ",Alex Gordon (minors),3B,34.4,1753,6391,190,0.257,0.749,2,0,0,19.29,4.29,0,4Yr,"University of Nebraska-Lincoln (Lincoln, NE)"
2005,1,NA,3,FrRnd,3,Mariners,Y,"$3,400,000 ",Jeff Clement (minors),C,-1.2,152,385,14,0.218,0.648,NA,NA,NA,NA,NA,NA,4Yr,"University of Southern California (Los Angeles, CA)"
2005,1,NA,4,FrRnd,4,Nationals,Y,"$2,975,000 ",Ryan Zimmerman (minors),3B,40.1,1799,6654,284,0.277,0.816,NA,NA,NA,NA,NA,NA,4Yr,"University of Virginia (Charlottesville, VA)"
2005,1,NA,5,FrRnd,5,Brewers,Y,"$2,450,000 ",Ryan Braun (minors),3B,47.1,1766,6622,352,0.296,0.891,NA,NA,NA,NA,NA,NA,4Yr,"University of Miami (Coral Gables, FL)"
2005,1,NA,6,FrRnd,6,Blue Jays,Y,"$2,400,000 ",Ricky Romero (minors),LHP,9.9,8,21,0,0.095,0.19,129,51,45,4.16,1.4,0,4Yr,"California State University, Fullerton (Fullerton, CA)"
2005,1,NA,7,FrRnd,7,Rockies,Y,"$2,300,000 ",Troy Tulowitzki (minors),SS,44.5,1291,4804,225,0.29,0.856,NA,NA,NA,NA,NA,NA,4Yr,"California State University, Long Beach (Long Beach, CA)"
2005,1,NA,8,FrRnd,8,Devil Rays,Y,"$1,500,000 ",Wade Townsend (minors),RHP,NA,NA,NA,NA,NA,NA,NA,NA,NA,NA,NA,NA,4Yr,"Rice University (Houston, TX)"
2005,1,NA,9,FrRnd,9,Mets,Y,"$3,550,000 ",Mike Pelfrey (minors),RHP,5.8,148,268,0,0.105,0.275,275,68,103,4.68,1.51,1,4Yr,"Wichita State University (Wichita, KS)"
2005,1,NA,10,FrRnd,10,Tigers,Y,"$2,650,000 ",Cameron Maybin (minors),OF,13.5,1162,3824,72,0.254,0.697,NA,NA,NA,NA,NA,NA,HS,"T. C. Roberson HS (Asheville, NC)"
2005,1,NA,11,FrRnd,11,Pirates,Y,"$1,900,000 ",Andrew McCutchen (minors),OF,48.6,2007,7425,299,0.276,0.835,NA,NA,NA,NA,NA,NA,HS,"Fort Meade HS (Fort Meade, FL)"
2005,1,NA,12,FrRnd,12,Reds,Y,"$1,800,000 ",Jay Bruce (minors),OF,19.9,1650,5964,319,0.244,0.781,NA,NA,NA,NA,NA,NA,HS,"West Brook HS (Beaumont, TX)"
2005,1,NA,13,FrRnd,13,Orioles,Y,"$1,700,000 ",Brandon Snyder (minors),C,-0.1,122,200,9,0.24,0.731,NA,NA,NA,NA,NA,NA,HS,"Westfield HS (Chantilly, VA)"
2005,1,NA,14,FrRnd,14,Indians,Y,"$1,695,000 ",Trevor Crowe (minors),OF,0.2,265,818,4,0.24,0.615,NA,NA,NA,NA,NA,NA,4Yr,"University of Arizona (Tucson, AZ)"
2005,1,NA,15,FrRnd,15,White Sox,Y,"$1,570,000 ",Lance Broadway (minors),RHP,0.3,8,0,0,NA,NA,27,2,2,5.24,1.6,0,4Yr,"Texas Christian University (Fort Worth, TX)"
2005,1,NA,16,FrRnd,16,Marlins,Y,"$1,600,000 ",Chris Volstad (minors),RHP,2,130,201,0,0.139,0.317,170,37,58,5,1.45,0,HS,"Palm Beach Gardens HS (Palm Beach Gardens, FL)"
2005,1,NA,17,FrRnd,17,Yankees via Phillies,Y,"$1,575,000 ",*C.J. Henry (minors),SS,NA,NA,NA,NA,NA,NA,NA,NA,NA,NA,NA,NA,HS,"Putnam City HS (Oklahoma City, OK)"
2005,1,NA,18,FrRnd,18,Padres,Y,"$1,550,000 ",Cesar Carrillo (minors),RHP,-0.7,3,3,0,0,0,3,1,2,13.06,2.71,0,4Yr,"University of Miami (Coral Gables, FL)"
2005,1,NA,19,FrRnd,19,Rangers,Y,"$1,525,000 ",John Mayberry (minors),OF,1.5,574,1386,56,0.235,0.72,NA,NA,NA,NA,NA,NA,4Yr,"Stanford University (Palo Alto, CA)"
2005,1,NA,20,FrRnd,20,Cubs,Y,"$1,750,000 ",Mark Pawelek (minors),LHP,NA,NA,NA,NA,NA,NA,NA,NA,NA,NA,NA,NA,HS,"Springville HS (Springville, UT)"
2005,1,NA,21,FrRnd,21,Athletics,Y,"$1,475,000 ",Cliff Pennington (minors),SS,10.1,971,2799,36,0.242,0.648,1,0,0,9,3,0,4Yr,"Texas A&M University (College Station, TX)"
2005,1,NA,22,FrRnd,22,Marlins via Giants,Y,"$1,225,000 ",*Aaron Thompson (minors),LHP,-0.1,10,0,0,NA,NA,52,1,3,4.94,1.52,0,HS,"Second Baptist School (Houston, TX)"
2005,1,NA,23,FrRnd,23,Red Sox via Angels,Y,"$1,400,000 ",*Jacoby Ellsbury (minors),OF,31.2,1235,4846,104,0.284,0.76,NA,NA,NA,NA,NA,NA,4Yr,"Oregon State University (Corvallis, OR)"
2005,1,NA,24,FrRnd,24,Astros,Y,"$1,375,000 ",Brian Bogusevic (minors),LHP,2.1,321,748,19,0.238,0.684,1,0,0,18,3,0,4Yr,"Tulane University (New Orleans, LA)"
2005,1,NA,25,FrRnd,25,Twins,Y,"$1,350,000 ",Matt Garza (minors),RHP,12.5,152,274,0,0.08,0.201,290,93,106,4.09,1.32,1,4Yr,"California State University, Fresno (Fresno, CA)"
2005,1,NA,26,FrRnd,26,Red Sox via Dodgers,Y,"$1,325,000 ",*Craig Hansen (minors),RHP,-1.9,27,0,0,NA,NA,95,4,9,6.34,1.72,3,4Yr,"St. John's University (Queens, NY)"
2005,1,NA,27,FrRnd,27,Braves,Y,"$1,300,000 ",Joey Devine (minors),RHP,2,30,1,0,0,0,93,8,3,2.75,1.25,1,4Yr,"North Carolina State University (Raleigh, NC)"
2005,1,NA,28,FrRnd,28,Cardinals via Red Sox,Y,"$1,000,000 ",*Colby Rasmus (minors),OF,20.2,1092,3704,166,0.241,0.745,NA,NA,NA,NA,NA,NA,HS,"Russell County HS (Seale, AL)"
2005,1,NA,29,FrRnd,29,Marlins via Yankees,Y,"$1,000,000 ",*Jacob Marceaux (minors),RHP,NA,NA,NA,NA,NA,NA,NA,NA,NA,NA,NA,NA,4Yr,"McNeese State University (Lake Charles, LA)"
2005,1,NA,30,FrRnd,30,Cardinals,Y,"$1,100,000 ",Tyler Greene (minors),SS,-0.4,288,675,17,0.224,0.645,NA,NA,NA,NA,NA,NA,4Yr,"Georgia Institute of Technology (Atlanta, GA)"
2005,1s,NA,31,FrRnd,31,Diamondbacks,Y,"$1,025,000 ",*Matt Torra (minors),RHP,NA,NA,NA,NA,NA,NA,NA,NA,NA,NA,NA,NA,4Yr,"University of Massachusetts Amherst (Amherst, MA)"
2005,1s,NA,32,FrRnd,32,Rockies,Y,"$1,025,000 ",*Chaz Roe (minors),RHP,1.2,62,1,0,0,0,245,11,8,3.89,1.34,3,HS,"Lafayette HS (Lexington, KY)"
2005,1s,NA,33,FrRnd,33,Indians,Y,"$1,000,000 ",*Johnny Drennen (minors),OF,NA,NA,NA,NA,NA,NA,NA,NA,NA,NA,NA,NA,HS,"Rancho Bernardo HS (San Diego, CA)"
2005,1s,NA,34,FrRnd,34,Marlins,Y,"$975,000 ",*Ryan Tucker (minors),RHP,-1.3,11,7,0,0,0,18,2,3,8.14,1.88,0,HS,"Temple City HS (Temple City, CA)"
2005,1s,NA,35,FrRnd,35,Padres,Y,"$950,000 ",*Ces�r Ramos (minors),LHP,1.4,43,6,0,0,0,267,10,15,4.02,1.4,2,4Yr,"California State University, Long Beach (Long Beach, CA)"
2005,1s,NA,36,FrRnd,36,Athletics,Y,"$950,000 ",*Travis Buck (minors),OF,2.8,253,810,20,0.243,0.715,NA,NA,NA,NA,NA,NA,4Yr,"Arizona State University (Tempe, AZ)"
2005,1s,NA,37,FrRnd,37,Angels,Y,"$925,000 ",*Trevor Bell (minors),RHP,-1.2,8,1,0,0,0,54,4,8,5.57,1.76,0,HS,"Crescenta Valley HS (La Crescenta, CA)"
2005,1s,NA,38,FrRnd,38,Astros,Y,"$900,000 ",*Eli Iorg (minors),OF,NA,NA,NA,NA,NA,NA,NA,NA,NA,NA,NA,NA,4Yr,"University of Tennessee (Knoxville, TN)"
2005,1s,NA,39,FrRnd,39,Twins,Y,"$900,000 ",*Hank Sanchez (minors),1B,NA,NA,NA,NA,NA,NA,NA,NA,NA,NA,NA,NA,HS,"Mission Bay HS (San Diego, CA)"
2005,1s,NA,40,FrRnd,40,Dodgers,N,,*Luke Hochevar (minors),RHP,3.7,18,16,0,0.063,0.125,279,46,65,4.98,1.34,3,4Yr,"University of Tennessee (Knoxville, TN)"
2005,1s,NA,41,FrRnd,41,Braves,Y,"$825,000 ",*Beau Jones (minors),LHP,NA,NA,NA,NA,NA,NA,NA,NA,NA,NA,NA,NA,HS,"Destrehan HS (Destrehan, LA)"
2005,1s,NA,42,FrRnd,42,Red Sox,Y,"$800,000 ",*Clay Buchholz (minors),RHP,16.8,29,46,0,0.087,0.234,236,90,69,3.98,1.3,0,JC,"Angelina College (Lufkin, TX)"
2005,1s,NA,43,FrRnd,43,Cardinals,Y,"$800,000 ",*Mark McCormick (minors),RHP,NA,NA,NA,NA,NA,NA,NA,NA,NA,NA,NA,NA,4Yr,"Baylor University (Waco, TX)"
2005,1s,NA,44,FrRnd,44,Marlins,Y,"$775,000 ",*Sean West (minors),LHP,-0.1,21,34,0,0.059,0.147,22,8,8,5.03,1.58,0,HS,"Captain Shreve HS (Shreveport, LA)"
2005,1s,NA,45,FrRnd,45,Red Sox,Y,"$762,000 ",*Jed Lowrie (minors),2B,15.8,1307,4615,121,0.257,0.736,NA,NA,NA,NA,NA,NA,4Yr,"Stanford University (Palo Alto, CA)"
2005,1s,NA,46,FrRnd,46,Cardinals,Y,"$675,000 ",*Tyler Herron (minors),RHP,NA,NA,NA,NA,NA,NA,NA,NA,NA,NA,NA,NA,HS,"Wellington HS (Wellington, FL)"
2005,1s,NA,47,FrRnd,47,Red Sox,Y,"$730,000 ",*Michael Bowden (minors),RHP,0.8,64,2,0,0,0,103,3,5,4.51,1.4,0,HS,"Waubonsie Valley HS (Aurora, IL)"
2005,1s,NA,48,FrRnd,48,Orioles,Y,"$650,000 ",*Garrett Olson (minors),LHP,-2.7,11,6,0,0.167,0.31,104,14,22,6.26,1.67,1,4Yr,"California Polytechnic State University, San Luis Obispo (San Luis Obispo, CA)"
2006,1,NA,1,FrRnd,1,Royals,Y,"$3,500,000 ",Luke Hochevar (minors),RHP,3.7,18,16,0,0.063,0.125,279,46,65,4.98,1.34,3,,
2006,1,NA,2,FrRnd,2,Rockies,Y,"$3,250,000 ",Greg Reynolds (minors),RHP,-1.5,31,30,0,0.167,0.46,33,6,11,7.01,1.65,0,4Yr,"Stanford University (Palo Alto, CA)"
2006,1,NA,3,FrRnd,3,Devil Rays,Y,"$3,000,000 ",Evan Longoria (minors),3B,58.6,1986,7306,342,0.264,0.804,NA,NA,NA,NA,NA,NA,4Yr,"California State University, Long Beach (Long Beach, CA)"
2006,1,NA,4,FrRnd,4,Pirates,Y,"$2,750,000 ",Brad Lincoln (minors),RHP,0.4,53,38,0,0.237,0.52,99,9,11,4.74,1.39,1,4Yr,"University of Houston (Houston, TX)"
2006,1,NA,5,FrRnd,5,Mariners,Y,"$2,450,000 ",Brandon Morrow (minors),RHP,11.1,115,24,0,0,0.04,334,51,43,3.96,1.31,40,4Yr,"University of California, Berkeley (Berkeley, CA)"
2006,1,NA,6,FrRnd,6,Tigers,Y,"$3,550,000 ",Andrew Miller (minors),LHP,7.8,185,74,0,0.054,0.108,612,55,55,4.03,1.34,63,4Yr,"University of North Carolina at Chapel Hill (Chapel Hill, NC)"
2006,1,NA,7,FrRnd,7,Dodgers,Y,"$2,300,000 ",Clayton Kershaw (minors),LHP,79.9,357,698,1,0.162,0.39,425,210,92,2.48,1,0,HS,"Highland Park HS (Dallas, TX)"
2006,1,NA,8,FrRnd,8,Reds,Y,"$2,000,000 ",Drew Stubbs (minors),OF,7.9,911,2834,92,0.242,0.704,NA,NA,NA,NA,NA,NA,4Yr,"University of Texas at Austin (Austin, TX)"
2006,1,NA,9,FrRnd,9,Orioles,Y,"$2,100,000 ",Billy Rowell (minors),3B,NA,NA,NA,NA,NA,NA,NA,NA,NA,NA,NA,NA,HS,"Bishop Eustace Preparatory School (Pennsauken, NJ)"
2006,1,NA,10,FrRnd,10,Giants,Y,"$2,025,000 ",Tim Lincecum (minors),RHP,19.5,262,474,0,0.112,0.3,278,110,89,3.74,1.29,1,4Yr,"University of Washington (Seattle, WA)"
2006,1,NA,11,FrRnd,11,Diamondbacks,Y,"$3,000,000 ",Max Scherzer (minors),RHP,75,238,464,1,0.168,0.381,457,214,108,3.15,1.08,0,4Yr,"University of Missouri (Columbia, MO)"
2006,1,NA,12,FrRnd,12,Rangers,Y,"$1,600,000 ",Kasey Kiker (minors),LHP,NA,NA,NA,NA,NA,NA,NA,NA,NA,NA,NA,NA,HS,"Russell County HS (Seale, AL)"
2006,1,NA,13,FrRnd,13,Cubs,Y,"$1,475,000 ",Tyler Colvin (minors),OF,0.9,441,1215,49,0.239,0.733,NA,NA,NA,NA,NA,NA,4Yr,"Clemson University (Clemson, SC)"
2006,1,NA,14,FrRnd,14,Blue Jays,Y,"$1,700,000 ",Travis Snider (minors),OF,4.3,630,1783,54,0.244,0.709,1,0,0,18,3,0,HS,"Henry M. Jackson HS (Mill Creek, WA)"
2006,1,NA,15,FrRnd,15,Nationals,Y,"$1,625,000 ",Chris Marrero (minors),OF,-1.5,54,163,1,0.209,0.493,NA,NA,NA,NA,NA,NA,HS,"Monsignor Edward Pace HS (Miami Gardens, FL)"
2006,1,NA,16,FrRnd,16,Brewers,Y,"$1,550,000 ",Jeremy Jeffress (minors),RHP,8.8,290,3,0,0,0,414,32,12,3.08,1.32,52,HS,"Halifax County HS (South Boston, VA)"
2006,1,NA,17,FrRnd,17,Padres,Y,"$1,575,000 ",Matt Antonelli (minors),3B,-0.3,21,57,1,0.193,0.573,NA,NA,NA,NA,NA,NA,4Yr,"Wake Forest University (Winston-Salem, NC)"
2006,1,NA,18,FrRnd,18,Phillies via Mets,Y,"$1,550,000 ",*Kyle Drabek (minors),RHP,-0.1,3,2,0,0,0,43,8,15,5.26,1.7,0,HS,"The Woodlands HS (The Woodlands, TX)"
2006,1,NA,19,FrRnd,19,Marlins,Y,"$1,525,000 ",Brett Sinkbeil (minors),RHP,-0.2,3,0,0,NA,NA,3,0,0,13.5,3.5,0,4Yr,"Missouri State University (Springfield, MO)"
2006,1,NA,20,FrRnd,20,Twins,Y,"$1,500,000 ",Chris Parmelee (minors),OF,0,311,917,30,0.248,0.717,NA,NA,NA,NA,NA,NA,HS,"Chino Hills HS (Chino Hills, CA)"
2006,1,NA,21,FrRnd,21,Yankees via Phillies,Y,"$2,250,000 ",*Ian Kennedy (minors),RHP,16.9,216,321,1,0.131,0.394,497,104,114,4.16,1.29,66,4Yr,"University of Southern California (Los Angeles, CA)"
2006,1,NA,22,FrRnd,22,Nationals via Athletics,Y,"$1,425,000 ",*Colton Willems (minors),RHP,NA,NA,NA,NA,NA,NA,NA,NA,NA,NA,NA,NA,HS,"John Carroll Catholic HS (Fort Pierce, FL)"
2006,1,NA,23,FrRnd,23,Astros,Y,"$1,400,000 ",Maxwell Sapp (minors),C,NA,NA,NA,NA,NA,NA,NA,NA,NA,NA,NA,NA,HS,"Bishop Moore HS (Orlando, FL)"
2006,1,NA,24,FrRnd,24,Braves,Y,"$1,375,000 ",Cody Johnson (minors),OF,NA,NA,NA,NA,NA,NA,NA,NA,NA,NA,NA,NA,HS,"A. Crawford Mosley HS (Lynn Haven, FL)"
2006,1,NA,25,FrRnd,25,Angels via Indians,Y,"$1,350,000 ",*Hank Conger (minors),C,2,373,1013,31,0.221,0.66,NA,NA,NA,NA,NA,NA,HS,"Huntington Beach HS (Huntington Beach, CA)"
2006,1,NA,26,FrRnd,26,Dodgers via Angels,Y,"$1,325,000 ",*Bryan Morris (minors),RHP,2.7,219,7,0,0.143,0.286,231,20,12,3.13,1.37,1,JC,"Motlow State Community College (Lynchburg, TN)"
2006,1,NA,27,FrRnd,27,Red Sox,Y,"$1,300,000 ",Jason Place (minors),OF,NA,NA,NA,NA,NA,NA,NA,NA,NA,NA,NA,NA,HS,"Wren HS (Piedmont, SC)"
2006,1,NA,28,FrRnd,28,Red Sox via Yankees,Y,"$1,550,000 ",*Daniel Bard (minors),RHP,8.5,82,3,0,0.333,0.667,408,31,35,3.74,1.3,66,4Yr,"University of North Carolina at Chapel Hill (Chapel Hill, NC)"
2006,1,NA,29,FrRnd,29,White Sox,Y,"$1,050,000 ",Kyle McCulloch (minors),RHP,NA,NA,NA,NA,NA,NA,NA,NA,NA,NA,NA,NA,4Yr,"University of Texas at Austin (Austin, TX)"
2006,1,NA,30,FrRnd,30,Cardinals,Y,"$950,000 ",Adam Ottavino (minors),RHP,14.9,354,24,0,0.083,0.203,664,39,41,3.42,1.28,45,4Yr,"Northeastern University (Boston, MA)"
2006,1s,NA,31,FrRnd,31,Dodgers,Y,"$1,000,000 ",*Preston Mattingly (minors),SS,NA,NA,NA,NA,NA,NA,NA,NA,NA,NA,NA,NA,HS,"Central HS (Evansville, IN)"
2006,1s,NA,32,FrRnd,32,Orioles,Y,"$1,000,000 ",*Pedro Beato (minors),RHP,-1,67,0,0,NA,NA,85,4,2,4.31,1.3,0,JC,"St. Petersburg College (St. Petersburg, FL)"
2006,1s,NA,33,FrRnd,33,Giants,Y,"$1,000,000 ",*Emmanuel Burriss (minors),SS,-2.7,325,768,1,0.237,0.565,NA,NA,NA,NA,NA,NA,4Yr,"Kent State University (Kent, OH)"
2006,1s,NA,34,FrRnd,34,Diamondbacks,Y,"$900,000 ",*Brooks Brown (minors),RHP,0.9,63,1,0,0,0,64,1,4,3.97,1.24,0,4Yr,"University of Georgia (Athens, GA)"
2006,1s,NA,35,FrRnd,35,Padres,Y,"$950,000 ",*Kyler Burke (minors),OF,NA,NA,NA,NA,NA,NA,NA,NA,NA,NA,NA,NA,HS,"Ooltewah HS (Ooltewah, TN)"
2006,1s,NA,36,FrRnd,36,Marlins,Y,"$950,000 ",*Chris Coghlan (minors),3B,1.1,801,2580,53,0.258,0.731,NA,NA,NA,NA,NA,NA,4Yr,"University of Mississippi (Oxford, MS)"
2006,1s,NA,37,FrRnd,37,Phillies,Y,"$925,000 ",*Adrian Cardenas (minors),SS,-0.3,45,60,0,0.183,0.552,NA,NA,NA,NA,NA,NA,HS,"Monsignor Edward Pace HS (Miami Gardens, FL)"
2006,1s,NA,38,FrRnd,38,Braves,Y,"$900,000 ",*Cory Rasmus (minors),RHP,0.5,10,1,0,0,0,84,4,5,4.17,1.33,0,HS,"Russell County HS (Seale, AL)"
2006,1s,NA,39,FrRnd,39,Indians,Y,"$900,000 ",*David Huff (minors),LHP,-1.8,22,8,0,0.125,0.25,120,25,30,5.17,1.51,0,4Yr,"University of California, Los Angeles (Los Angeles, CA)"
2006,1s,NA,40,FrRnd,40,Red Sox,Y,"$850,000 ",*Kris Johnson (minors),LHP,0,5,3,0,0,0,7,0,3,5.32,1.77,0,4Yr,"Wichita State University (Wichita, KS)"
2006,1s,NA,41,FrRnd,41,Yankees,Y,"$1,150,000 ",*Joba Chamberlain (minors),RHP,7.6,24,6,0,0,0.143,385,25,21,3.81,1.38,7,4Yr,"University of Nebraska-Lincoln (Lincoln, NE)"
2006,1s,NA,42,FrRnd,42,Cardinals,Y,"$800,000 ",*Chris Perez (minors),RHP,4.7,125,2,0,0,0,393,16,24,3.51,1.24,133,4Yr,"University of Miami (Coral Gables, FL)"
2006,1s,NA,43,FrRnd,43,Braves,Y,"$800,000 ",*Steve Evarts (minors),LHP,NA,NA,NA,NA,NA,NA,NA,NA,NA,NA,NA,NA,HS,"T. R. Robinson HS (Tampa, FL)"
2006,1s,NA,44,FrRnd,44,Red Sox,Y,"$775,000 ",*Caleb Clay (minors),RHP,NA,NA,NA,NA,NA,NA,NA,NA,NA,NA,NA,NA,HS,"Cullman HS (Cullman, AL)"
2007,1,NA,1,FrRnd,1,Devil Rays,Y,"$5,600,000 ",David Price (minors),LHP,40.3,59,65,0,0.123,0.298,400,157,82,3.32,1.16,3,4Yr,"Vanderbilt University (Nashville, TN)"
2007,1,NA,2,FrRnd,2,Royals,Y,"$4,000,000 ",Mike Moustakas (minors),SS,12.9,1427,5060,215,0.247,0.739,NA,NA,NA,NA,NA,NA,HS,"Chatsworth Charter HS (Chatsworth, CA)"
2007,1,NA,3,FrRnd,3,Cubs,Y,"$3,200,000 ",Josh Vitters (minors),3B,-1.3,36,99,2,0.121,0.395,NA,NA,NA,NA,NA,NA,HS,"Cypress HS (Cypress, CA)"
2007,1,NA,4,FrRnd,4,Pirates,Y,"$2,475,000 ",Daniel Moskos (minors),LHP,0.2,30,0,0,NA,NA,31,1,1,2.96,1.56,0,4Yr,"Clemson University (Clemson, SC)"
2007,1,NA,5,FrRnd,5,Orioles,Y,"$6,000,000 ",Matt Wieters (minors),C,18.3,1167,3994,146,0.249,0.722,NA,NA,NA,NA,NA,NA,4Yr,"Georgia Institute of Technology (Atlanta, GA)"
2007,1,NA,6,FrRnd,6,Nationals,Y,"$2,150,000 ",Ross Detwiler (minors),LHP,0.6,203,121,0,0.066,0.155,307,30,51,4.56,1.46,2,4Yr,"Missouri State University (Springfield, MO)"
2007,1,NA,7,FrRnd,7,Brewers,Y,"$2,000,000 ",Matt LaPorta (minors),1B,-1,291,967,31,0.238,0.695,NA,NA,NA,NA,NA,NA,4Yr,"University of Florida (Gainesville, FL)"
2007,1,NA,8,FrRnd,8,Rockies,Y,"$1,800,000 ",Casey Weathers (minors),RHP,NA,NA,NA,NA,NA,NA,NA,NA,NA,NA,NA,NA,4Yr,"Vanderbilt University (Nashville, TN)"
2007,1,NA,9,FrRnd,9,Diamondbacks,Y,"$2,100,000 ",Jarrod Parker (minors),RHP,6.5,4,8,0,0.125,0.375,62,25,16,3.68,1.24,0,HS,"Norwell HS (Ossian, IN)"
2007,1,NA,10,FrRnd,10,Giants,Y,"$2,000,000 ",Madison Bumgarner (minors),LHP,37.3,313,633,19,0.172,0.525,358,134,124,3.47,1.15,0,HS,"South Caldwell HS (Hudson, NC)"
2007,1,NA,11,FrRnd,11,Mariners,Y,"$1,900,000 ",Phillippe Aumont (minors),RHP,-0.7,44,1,0,0,0.5,46,1,6,6.8,1.99,2,HS,"Ecole Du Versant (Gatineau, QC)"
2007,1,NA,12,FrRnd,12,Marlins,Y,"$1,800,000 ",Matt Dominguez (minors),3B,1.2,362,1272,42,0.231,0.644,NA,NA,NA,NA,NA,NA,HS,"Chatsworth Charter HS (Chatsworth, CA)"
2007,1,NA,13,FrRnd,13,Indians,Y,"$1,575,000 ",Beau Mills (minors),1B,NA,NA,NA,NA,NA,NA,NA,NA,NA,NA,NA,NA,4Yr,"Lewis-Clark State College (Lewiston, ID)"
2007,1,NA,14,FrRnd,14,Braves,Y,"$1,700,000 ",Jason Heyward (minors),OF,40.7,1703,5861,174,0.258,0.75,NA,NA,NA,NA,NA,NA,HS,"Henry County HS (McDonough, GA)"
2007,1,NA,15,FrRnd,15,Reds,Y,"$1,400,000 ",Devin Mesoraco (minors),C,4.7,468,1402,58,0.232,0.715,NA,NA,NA,NA,NA,NA,HS,"Punxsutawney HS (Punxsutawney, PA)"
2007,1,NA,16,FrRnd,16,Blue Jays via Rangers,Y,"$1,440,000 ",*Kevin Ahrens (minors),3B,NA,NA,NA,NA,NA,NA,NA,NA,NA,NA,NA,NA,HS,"Memorial HS (Houston, TX)"
2007,1,NA,17,FrRnd,17,Rangers via Astros,Y,"$1,497,000 ",*Blake Beavan (minors),RHP,1.7,1,2,0,0,0,54,16,20,4.61,1.27,0,HS,"Irving HS (Irving, TX)"
2007,1,NA,18,FrRnd,18,Cardinals,Y,"$1,395,000 ",Pete Kozma (minors),SS,-0.5,344,746,5,0.213,0.564,NA,NA,NA,NA,NA,NA,HS,"Owasso HS (Owasso, OK)"
2007,1,NA,19,FrRnd,19,Phillies,Y,"$1,372,500 ",Joe Savery (minors),LHP,-0.1,37,2,0,0,0,44,3,2,3.83,1.26,0,4Yr,"Rice University (Houston, TX)"
2007,1,NA,20,FrRnd,20,Dodgers via Red Sox,Y,"$1,350,000 ",*Chris Withrow (minors),RHP,1.4,84,1,0,0,0,92,6,0,3.07,1.14,1,HS,"Midland HS (Midland, TX)"
2007,1,NA,21,FrRnd,21,Blue Jays,Y,"$1,372,500 ",J.P. Arencibia (minors),C,1.9,466,1573,80,0.212,0.67,1,0,0,0,1,0,4Yr,"University of Tennessee (Knoxville, TN)"
2007,1,NA,22,FrRnd,22,Giants via Dodgers,Y,"$1,290,000 ",*Tim Alderson (minors),RHP,NA,NA,NA,NA,NA,NA,NA,NA,NA,NA,NA,NA,HS,"Horizon HS (Scottsdale, AZ)"
2007,1,NA,23,FrRnd,23,Padres,Y,"$1,260,000 ",Nick Schmidt (minors),LHP,NA,NA,NA,NA,NA,NA,NA,NA,NA,NA,NA,NA,4Yr,"University of Arkansas (Fayetteville, AR)"
2007,1,NA,24,FrRnd,24,Rangers via Angels,Y,"$1,237,500 ",*Michael Main (minors),RHP,NA,NA,NA,NA,NA,NA,NA,NA,NA,NA,NA,NA,HS,"DeLand HS (DeLand, FL)"
2007,1,NA,25,FrRnd,25,White Sox,Y,"$1,200,000 ",Aaron Poreda (minors),LHP,0.2,9,0,0,NA,NA,40,3,1,4.67,1.73,0,4Yr,"University of San Francisco (San Francisco, CA)"
2007,1,NA,26,FrRnd,26,Athletics,Y,"$1,192,500 ",James Simmons (minors),RHP,NA,NA,NA,NA,NA,NA,NA,NA,NA,NA,NA,NA,4Yr,"University of California, Riverside (Riverside, CA)"
2007,1,NA,27,FrRnd,27,Tigers,Y,"$3,580,000 ",Rick Porcello (minors),RHP,18.8,24,45,0,0.178,0.4,355,150,125,4.4,1.32,0,HS,"Seton Hall Preparatory School (West Orange, NJ)"
2007,1,NA,28,FrRnd,28,Twins,Y,"$750,000 ",Ben Revere (minors),OF,7.9,857,3138,7,0.284,0.662,NA,NA,NA,NA,NA,NA,HS,"Lexington Catholic HS (Lexington, KY)"
2007,1,NA,29,FrRnd,29,Giants via Mets,Y,"$1,000,000 ",*Wendell Fairley (minors),OF,NA,NA,NA,NA,NA,NA,NA,NA,NA,NA,NA,NA,HS,"George County HS (Lucedale, MS)"
2007,1,NA,30,FrRnd,30,Yankees,Y,"$3,350,000 ",Andrew Brackman (minors),RHP,0.1,0,0,0,NA,NA,3,0,0,0,1.71,0,4Yr,"North Carolina State University (Raleigh, NC)"
2007,1s,NA,31,FrRnd,31,Nationals,Y,"$1,000,000 ",*Josh Smoker (minors),LHP,-0.7,75,4,0,0,0,82,4,2,5.35,1.7,0,HS,"Calhoun HS (Calhoun, GA)"
2007,1s,NA,32,FrRnd,32,Giants,Y,"$915,750 ",*Nick Noonan (minors),2B,-1.2,83,145,1,0.193,0.473,NA,NA,NA,NA,NA,NA,HS,"Francis Parker School (San Diego, CA)"
2007,1s,NA,33,FrRnd,33,Braves,Y,"$900,000 ",*Jon Gilmore (minors),3B,NA,NA,NA,NA,NA,NA,NA,NA,NA,NA,NA,NA,HS,"Iowa City HS (Iowa City, IA)"
2007,1s,NA,34,FrRnd,34,Reds,Y,"$825,000 ",*Todd Frazier (minors),3B,25.2,1244,4392,218,0.241,0.763,1,0,0,0,0,0,4Yr,"Rutgers, the State University of New Jersey (New Brunswick, NJ)"
2007,1s,NA,35,FrRnd,35,Rangers,Y,"$800,000 ",*Julio Borbon (minors),OF,1.7,294,802,8,0.273,0.665,NA,NA,NA,NA,NA,NA,4Yr,"University of Tennessee (Knoxville, TN)"
2007,1s,NA,36,FrRnd,36,Cardinals,Y,"$650,000 ",*Clayton Mortensen (minors),RHP,-0.5,19,16,0,0,0.056,74,6,11,4.68,1.44,0,4Yr,"Gonzaga University (Spokane, WA)"
2007,1s,NA,37,FrRnd,37,Phillies,Y,"$832,500 ",*Travis d'Arnaud (minors),C,7.4,785,2725,108,0.25,0.735,NA,NA,NA,NA,NA,NA,HS,"Lakewood HS (Lakewood, CA)"
2007,1s,NA,38,FrRnd,38,Blue Jays,Y,"$810,000 ",*Brett Cecil (minors),LHP,6.7,122,7,0,0,0,443,44,47,4.29,1.36,12,4Yr,"University of Maryland (College Park, MD)"
2007,1s,NA,39,FrRnd,39,Dodgers,Y,"$787,500 ",*James Adkins (minors),LHP,NA,NA,NA,NA,NA,NA,NA,NA,NA,NA,NA,NA,4Yr,"University of Tennessee (Knoxville, TN)"
2007,1s,NA,40,FrRnd,40,Padres,Y,"$765,000 ",*Kellen Kulbacki (minors),OF,NA,NA,NA,NA,NA,NA,NA,NA,NA,NA,NA,NA,4Yr,"James Madison University (Harrisonburg, VA)"
2007,1s,NA,41,FrRnd,41,Athletics,Y,"$742,500 ",*Sean Doolittle (minors),1B,9.9,189,4,0,0,0,463,26,24,3.2,1.01,112,4Yr,"University of Virginia (Charlottesville, VA)"
2007,1s,NA,42,FrRnd,42,Mets,Y,"$720,000 ",*Eddie Kunz (minors),RHP,-0.2,4,0,0,NA,NA,4,0,0,13.5,2.25,0,4Yr,"Oregon State University (Corvallis, OR)"
2007,1s,NA,43,FrRnd,43,Giants,Y,"$708,750 ",*Jackson Williams (minors),C,0.1,14,24,1,0.208,0.742,NA,NA,NA,NA,NA,NA,4Yr,"University of Oklahoma (Norman, OK)"
2007,1s,NA,44,FrRnd,44,Rangers,Y,"$1,000,000 ",*Neil Ram�rez (minors),RHP,0.3,109,2,0,0,0,185,4,8,4.46,1.42,3,HS,"Kempsville HS (Virginia Beach, VA)"
2007,1s,NA,45,FrRnd,45,Blue Jays,Y,"$675,000 ",*Justin Jackson (minors),SS,NA,NA,NA,NA,NA,NA,NA,NA,NA,NA,NA,NA,HS,"T. C. Roberson HS (Asheville, NC)"
2007,1s,NA,46,FrRnd,46,Padres,Y,"$661,500 ",*Drew Cumberland (minors),SS,NA,NA,NA,NA,NA,NA,NA,NA,NA,NA,NA,NA,HS,"Pace HS (Pace, FL)"
2007,1s,NA,47,FrRnd,47,Mets,Y,"$657,000 ",*Nathan Vineyard (minors),LHP,NA,NA,NA,NA,NA,NA,NA,NA,NA,NA,NA,NA,HS,"Woodland HS (Cartersville, GA)"
2007,1s,NA,48,FrRnd,48,Cubs,Y,"$652,500 ",*Josh Donaldson (minors),C,46.8,1383,5022,279,0.261,0.847,1,0,0,0,0,0,4Yr,"Auburn University (Auburn, AL)"
2007,1s,NA,49,FrRnd,49,Nationals,Y,"$630,000 ",*Michael Burgess (minors),OF,NA,NA,NA,NA,NA,NA,NA,NA,NA,NA,NA,NA,HS,"Hillsborough HS (Tampa, FL)"
2007,1s,NA,50,FrRnd,50,Diamondbacks,Y,"$620,000 ",*Wes Roemer (minors),RHP,NA,NA,NA,NA,NA,NA,NA,NA,NA,NA,NA,NA,4Yr,"California State University, Fullerton (Fullerton, CA)"
2007,1s,NA,51,FrRnd,51,Giants,Y,"$607,500 ",*Charlie Culberson (minors),2B,-0.1,586,1212,30,0.248,0.68,8,0,0,1.23,1.36,0,HS,"Calhoun HS (Calhoun, GA)"
2007,1s,NA,52,FrRnd,52,Mariners,Y,"$603,000 ",*Matt Mangini (minors),3B,-0.2,11,38,0,0.211,0.461,NA,NA,NA,NA,NA,NA,4Yr,"Oklahoma State University (Stillwater, OK)"
2007,1s,NA,53,FrRnd,53,Reds,Y,"$594,000 ",*Kyle Lotzkar (minors),RHP,NA,NA,NA,NA,NA,NA,NA,NA,NA,NA,NA,NA,,
2007,1s,NA,54,FrRnd,54,Rangers,Y,"$585,000 ",*Tommy Hunter (minors),RHP,11,109,5,0,0.2,0.4,508,56,47,4.07,1.24,22,4Yr,"University of Alabama (Tuscaloosa, AL)"
2007,1s,NA,55,FrRnd,55,Red Sox,Y,"$571,500 ",*Nick Hagadone (minors),LHP,-0.2,7,0,0,NA,NA,143,3,2,4.72,1.37,1,4Yr,"University of Washington (Seattle, WA)"
2007,1s,NA,56,FrRnd,56,Blue Jays,Y,"$462,500 ",*Trystan Magnuson (minors),RHP,-0.2,0,0,0,NA,NA,9,0,0,6.14,1.36,0,4Yr,"University of Louisville (Louisville, KY)"
2007,1s,NA,57,FrRnd,57,Padres,Y,"$552,500 ",*Mitch Canham (minors),C,NA,NA,NA,NA,NA,NA,NA,NA,NA,NA,NA,NA,4Yr,"Oregon State University (Corvallis, OR)"
2007,1s,NA,58,FrRnd,58,Angels,Y,"$553,300 ",*Jon Bachanov (minors),RHP,NA,NA,NA,NA,NA,NA,NA,NA,NA,NA,NA,NA,HS,"University HS (Orlando, FL)"
2007,1s,NA,59,FrRnd,59,Athletics,Y,"$544,500 ",*Corey Brown (minors),OF,0.4,39,41,2,0.171,0.635,NA,NA,NA,NA,NA,NA,4Yr,"Oklahoma State University (Stillwater, OK)"
2007,1s,NA,60,FrRnd,60,Tigers,Y,"$540,000 ",*Brandon Hamilton (minors),RHP,NA,NA,NA,NA,NA,NA,NA,NA,NA,NA,NA,NA,HS,"Stanhope Elmore HS (Millbrook, AL)"
2007,1s,NA,61,FrRnd,61,Diamondbacks,Y,"$531,000 ",*Ed Easley (minors),C,-0.1,4,6,0,0,0,NA,NA,NA,NA,NA,NA,4Yr,"Mississippi State University (Mississippi State, MS)"
2007,1s,NA,62,FrRnd,62,Red Sox,Y,"$571,000 ",*Ryan Dent (minors),SS,NA,NA,NA,NA,NA,NA,NA,NA,NA,NA,NA,NA,HS,"Woodrow Wilson HS (Long Beach, CA)"
2007,1s,NA,63,FrRnd,63,Padres,Y,"$515,000 ",*Cory Luebke (minors),LHP,2.4,61,49,0,0.143,0.319,64,10,13,3.52,1.19,0,4Yr,"The Ohio State University (Columbus, OH)"
2007,1s,NA,64,FrRnd,64,Padres,Y,"$517,500 ",*Danny Payne (minors),OF,NA,NA,NA,NA,NA,NA,NA,NA,NA,NA,NA,NA,4Yr,"Georgia Institute of Technology (Atlanta, GA)"
2008,1,NA,1,FrRnd,1,Rays,Y,"$6,150,000 ",Tim Beckham (minors),SS,3.2,484,1639,63,0.247,0.724,NA,NA,NA,NA,NA,NA,HS,"Griffin HS (Griffin, GA)"
2008,1,NA,2,FrRnd,2,Pirates,Y,"$6,000,000 ",Pedro �lvarez (minors),3B,5,910,2980,162,0.236,0.757,NA,NA,NA,NA,NA,NA,4Yr,"Vanderbilt University (Nashville, TN)"
2008,1,NA,3,FrRnd,3,Royals,Y,"$6,000,000 ",Eric Hosmer (minors),1B,18.6,1689,6349,198,0.276,0.762,NA,NA,NA,NA,NA,NA,HS,"American Heritage HS (Plantation, FL)"
2008,1,NA,4,FrRnd,4,Orioles,Y,"$3,200,000 ",Brian Matusz (minors),LHP,2.1,19,8,0,0.125,0.25,280,27,41,4.92,1.46,0,4Yr,"University of San Diego (San Diego, CA)"
2008,1,NA,5,FrRnd,5,Giants,Y,"$6,200,000 ",Buster Posey (minors),C,44.8,1371,4970,158,0.302,0.831,NA,NA,NA,NA,NA,NA,4Yr,"Florida State University (Tallahassee, FL)"
2008,1,NA,6,FrRnd,6,Marlins,Y,"$2,300,000 ",Kyle Skipworth (minors),C,-0.1,4,3,0,0,0.25,NA,NA,NA,NA,NA,NA,HS,"Patriot HS (Jurupa Valley, CA)"
2008,1,NA,7,FrRnd,7,Reds,Y,"$2,000,000 ",Yonder Alonso (minors),1B,8.1,1072,3362,100,0.259,0.736,NA,NA,NA,NA,NA,NA,4Yr,"University of Miami (Coral Gables, FL)"
2008,1,NA,8,FrRnd,8,White Sox,Y,"$2,600,000 ",Gordon Beckham (minors),SS,5.5,1069,3403,80,0.237,0.667,NA,NA,NA,NA,NA,NA,4Yr,"University of Georgia (Athens, GA)"
2008,1,NA,9,FrRnd,9,Nationals,N,,Aaron Crow (minors),RHP,2.7,17,0,0,NA,NA,254,20,11,3.43,1.32,6,4Yr,"University of Missouri (Columbia, MO)"
2008,1,NA,10,FrRnd,10,Astros,Y,"$2,070,000 ",Jason Castro (minors),C,12.4,952,2981,97,0.227,0.699,NA,NA,NA,NA,NA,NA,4Yr,"Stanford University (Palo Alto, CA)"
2008,1,NA,11,FrRnd,11,Rangers,Y,"$3,500,000 ",Justin Smoak (minors),1B,6.9,1286,4153,196,0.229,0.74,NA,NA,NA,NA,NA,NA,4Yr,"University of South Carolina (Columbia, SC)"
2008,1,NA,12,FrRnd,12,Athletics,Y,"$1,910,000 ",Jemile Weeks (minors),2B,1.5,260,955,4,0.255,0.667,NA,NA,NA,NA,NA,NA,4Yr,"University of Miami (Coral Gables, FL)"
2008,1,NA,13,FrRnd,13,Cardinals,Y,"$1,840,000 ",Brett Wallace (minors),1B,-0.2,494,1284,40,0.238,0.705,NA,NA,NA,NA,NA,NA,4Yr,"Arizona State University (Tempe, AZ)"
2008,1,NA,14,FrRnd,14,Twins,Y,"$1,780,000 ",Aaron Hicks (minors),OF,14.2,963,3078,108,0.233,0.719,NA,NA,NA,NA,NA,NA,HS,"Woodrow Wilson HS (Long Beach, CA)"
2008,1,NA,15,FrRnd,15,Dodgers,Y,"$1,730,000 ",Ethan Martin (minors),RHP,-0.6,17,9,0,0,0,17,2,5,5.93,1.64,0,HS,"Stephens County School (Toccoa, GA)"
2008,1,NA,16,FrRnd,16,Brewers,Y,"$1,700,000 ",Brett Lawrie (minors),3B,15.6,588,2217,71,0.261,0.734,NA,NA,NA,NA,NA,NA,HS,"Brookswood SS (Langley, BC)"
2008,1,NA,17,FrRnd,17,Blue Jays,Y,"$1,500,000 ",David Cooper (minors),1B,0.1,72,211,6,0.27,0.751,NA,NA,NA,NA,NA,NA,4Yr,"University of California, Berkeley (Berkeley, CA)"
2008,1,NA,18,FrRnd,18,Mets via Braves,Y,"$1,575,000 ",*Ike Davis (minors),1B,5.8,665,2076,81,0.239,0.746,2,0,0,0,1,0,4Yr,"Arizona State University (Tempe, AZ)"
2008,1,NA,19,FrRnd,19,Cubs,Y,"$1,540,000 ",Andrew Cashner (minors),RHP,10.9,216,203,1,0.158,0.377,300,57,87,4.1,1.36,1,4Yr,"Texas Christian University (Fort Worth, TX)"
2008,1,NA,20,FrRnd,20,Mariners,Y,"$1,750,000 ",Josh Fields (minors),RHP,1.8,133,1,0,0,0,288,17,12,3.71,1.17,13,4Yr,"University of Georgia (Athens, GA)"
2008,1,NA,21,FrRnd,21,Tigers,Y,"$1,480,000 ",Ryan Perry (minors),RHP,0.2,11,0,0,NA,NA,156,6,6,4.36,1.45,2,4Yr,"University of Arizona (Tucson, AZ)"
2008,1,NA,22,FrRnd,22,Mets,Y,"$1,419,000 ",Reese Havens (minors),SS,NA,NA,NA,NA,NA,NA,NA,NA,NA,NA,NA,NA,4Yr,"University of South Carolina (Columbia, SC)"
2008,1,NA,23,FrRnd,23,Padres,Y,"$1,150,000 ",Allan Dykstra (minors),1B,-0.5,13,31,1,0.129,0.515,NA,NA,NA,NA,NA,NA,4Yr,"Wake Forest University (Winston-Salem, NC)"
2008,1,NA,24,FrRnd,24,Phillies,Y,"$1,380,000 ",Anthony Hewitt (minors),SS,NA,NA,NA,NA,NA,NA,NA,NA,NA,NA,NA,NA,HS,"Salisbury School (Salisbury, CT)"
2008,1,NA,25,FrRnd,25,Rockies,Y,"$1,350,000 ",Christian Friedrich (minors),LHP,-0.7,117,70,0,0.071,0.216,124,10,28,5.37,1.52,0,4Yr,"Eastern Kentucky University (Richmond, KY)"
2008,1,NA,26,FrRnd,26,Diamondbacks,Y,"$1,330,000 ",Daniel Schlereth (minors),LHP,0,25,0,0,NA,NA,94,5,6,4.35,1.57,1,4Yr,"University of Arizona (Tucson, AZ)"
2008,1,NA,27,FrRnd,27,Twins via Angels,Y,"$1,290,000 ",*Carlos Gutierrez (minors),RHP,NA,NA,NA,NA,NA,NA,NA,NA,NA,NA,NA,NA,4Yr,"University of Miami (Coral Gables, FL)"
2008,1,NA,28,FrRnd,28,Yankees,N,,Gerrit Cole (minors),RHP,41.2,128,251,3,0.163,0.393,300,145,75,3.17,1.09,0,HS,"Orange Lutheran HS (Orange, CA)"
2008,1,NA,29,FrRnd,29,Indians,Y,"$1,100,000 ",Lonnie Chisenhall (minors),3B,9,688,2159,64,0.268,0.747,NA,NA,NA,NA,NA,NA,JC,"Pitt Community College (Winterville, NC)"
2008,1,NA,30,FrRnd,30,Red Sox,Y,"$3,000,000 ",Casey Kelly (minors),SS,-1.4,27,18,0,0.111,0.222,26,2,11,5.46,1.65,0,HS,"Sarasota HS (Sarasota, FL)"
2008,1s,NA,31,FrRnd,31,Twins,Y,"$1,080,000 ",*Shooter Hunt (minors),RHP,NA,NA,NA,NA,NA,NA,NA,NA,NA,NA,NA,NA,4Yr,"Tulane University (New Orleans, LA)"
2008,1s,NA,32,FrRnd,32,Brewers,Y,"$1,060,000 ",*Jake Odorizzi (minors),RHP,13.4,16,24,0,0.083,0.203,241,74,69,3.99,1.25,1,HS,"Highland HS (Highland, IL)"
2008,1,NA,33,FrRnd,33,Mets,Y,"$1,040,000 ",Bradley Holt (minors),RHP,NA,NA,NA,NA,NA,NA,NA,NA,NA,NA,NA,NA,4Yr,"University of North Carolina at Wilmington (Wilmington, NC)"
2008,1s,NA,34,FrRnd,34,Phillies,Y,"$1,020,000 ",*Zach Collier (minors),OF,NA,NA,NA,NA,NA,NA,NA,NA,NA,NA,NA,NA,HS,"Chino Hills HS (Chino Hills, CA)"
2008,1s,NA,35,FrRnd,35,Brewers,Y,"$1,010,000 ",*Evan Frederickson (minors),LHP,NA,NA,NA,NA,NA,NA,NA,NA,NA,NA,NA,NA,4Yr,"University of San Francisco (San Francisco, CA)"
2008,1,NA,36,FrRnd,36,Royals,Y,"$988,000 ",Mike Montgomery (minors),LHP,5.9,117,80,1,0.125,0.311,183,23,34,3.84,1.35,3,HS,"William S. Hart HS (Santa Clarita, CA)"
2008,1s,NA,37,FrRnd,37,Giants,Y,"$970,000 ",*Conor Gillaspie (minors),3B,2.2,513,1424,33,0.251,0.695,NA,NA,NA,NA,NA,NA,4Yr,"Wichita State University (Wichita, KS)"
2008,1s,NA,38,FrRnd,38,Astros,Y,"$930,000 ",*Jordan Lyles (minors),RHP,-2.6,218,223,2,0.112,0.314,352,72,107,5.24,1.41,2,HS,"Hartsville HS (Hartsville, SC)"
2008,1s,NA,39,FrRnd,39,Cardinals,Y,"$938,000 ",*Lance Lynn (minors),RHP,29.8,176,283,0,0.085,0.23,341,136,95,3.74,1.27,1,4Yr,"University of Mississippi (Oxford, MS)"
2008,1s,NA,40,FrRnd,40,Braves,Y,"$1,000,000 ",*Brett DeVall (minors),LHP,NA,NA,NA,NA,NA,NA,NA,NA,NA,NA,NA,NA,HS,"Niceville HS (Niceville, FL)"
2008,1s,NA,41,FrRnd,41,Cubs,Y,"$906,000 ",*Ryan Flaherty (minors),SS,1.1,547,1324,37,0.215,0.629,1,0,0,18,3,0,4Yr,"Vanderbilt University (Nashville, TN)"
2008,1,NA,42,FrRnd,42,Padres,Y,"$892,000 ",Jaff Decker (minors),OF,-1.5,77,161,1,0.174,0.51,1,0,0,0,2,0,HS,"Sunrise Mountain HS (Peoria, AZ)"
2008,1s,NA,43,FrRnd,43,Diamondbacks,Y,"$877,000 ",*Wade Miley (minors),LHP,18.7,157,297,1,0.158,0.389,315,108,98,4.06,1.36,0,4Yr,"Southeastern Louisiana University (Hammond, LA)"
2008,1s,NA,44,FrRnd,44,Yankees,Y,"$700,000 ",*Jeremy Bleich (minors),LHP,-0.1,1,0,0,NA,NA,2,0,0,54,6,0,4Yr,"Stanford University (Palo Alto, CA)"
2008,1s,NA,45,FrRnd,45,Red Sox,Y,"$849,000 ",*Bryan Price (minors),RHP,-0.2,0,0,0,NA,NA,3,0,0,20.25,3.38,0,4Yr,"Rice University (Houston, TX)"
2008,1s,NA,46,FrRnd,46,Padres,Y,"$835,000 ",*Logan Forsythe (minors),3B,12.1,970,3120,71,0.244,0.695,1,0,0,9,3,0,4Yr,"University of Arkansas (Fayetteville, AR)"
2009,1,NA,1,FrRnd,1,Nationals,Y,"$7,500,000 ",Stephen Strasburg (minors),RHP,32.3,233,440,4,0.152,0.4,247,113,62,3.24,1.1,0,4Yr,"San Diego State University (San Diego, CA)"
2009,1,NA,2,FrRnd,2,Mariners,Y,"$6,000,000 ",Dustin Ackley (minors),CF,7.7,635,2125,46,0.241,0.672,NA,NA,NA,NA,NA,NA,4Yr,"University of North Carolina at Chapel Hill (Chapel Hill, NC)"
2009,1,NA,3,FrRnd,3,Padres,Y,"$6,250,000 ",Donavan Tate (minors),CF,NA,NA,NA,NA,NA,NA,NA,NA,NA,NA,NA,NA,HS,"Cartersville HS (Cartersville, GA)"
2009,1,NA,4,FrRnd,4,Pirates,Y,"$2,500,000 ",Tony Sanchez (minors),C,0.1,52,144,4,0.257,0.676,NA,NA,NA,NA,NA,NA,4Yr,"Boston College (Chestnut Hill, MA)"
2009,1,NA,5,FrRnd,5,Orioles,Y,"$2,422,000 ",Matt Hobgood (minors),RHP,NA,NA,NA,NA,NA,NA,NA,NA,NA,NA,NA,NA,HS,"Norco HS (Norco, CA)"
2009,1,NA,6,FrRnd,6,Giants,Y,"$3,300,000 ",Zack Wheeler (minors),RHP,29.4,152,288,1,0.153,0.367,227,87,63,3.45,1.19,0,HS,"East Paulding HS (Dallas, GA)"
2009,1,NA,7,FrRnd,7,Braves,Y,"$2,420,000 ",Mike Minor (minors),LHP,18.6,115,217,2,0.115,0.321,295,83,90,4.25,1.25,6,4Yr,"Vanderbilt University (Nashville, TN)"
2009,1,NA,8,FrRnd,8,Reds,Y,"$2,270,000 ",Mike Leake (minors),RHP,16.2,269,485,6,0.192,0.491,301,105,98,4.05,1.28,0,4Yr,"Arizona State University (Tempe, AZ)"
2009,1,NA,9,FrRnd,9,Tigers,Y,"$4,700,000 ",Jacob Turner (minors),RHP,-2.6,73,77,0,0.091,0.257,102,14,31,5.37,1.54,0,HS,"Westminster Christian Academy (Town and Country, MO)"
2009,1s,NA,10,FrRnd,10,Nationals,Y,"$1,600,000 ",*Drew Storen (minors),RHP,4.8,399,3,0,0.333,0.667,470,29,18,3.45,1.19,99,4Yr,"Stanford University (Palo Alto, CA)"
2009,1,NA,11,FrRnd,11,Rockies,Y,"$3,900,000 ",Tyler Matzek (minors),LHP,5.8,91,46,0,0.217,0.511,157,16,21,3.5,1.34,1,HS,"Capistrano Valley HS (Mission Viejo, CA)"
2009,1,NA,12,FrRnd,12,Royals,Y,"$1,500,000 ",Aaron Crow (minors),RHP,2.7,17,0,0,NA,NA,254,20,11,3.43,1.32,6,,
2009,1,NA,13,FrRnd,13,Athletics,Y,"$2,750,000 ",Grant Green (minors),SS,-1.7,129,330,4,0.249,0.62,NA,NA,NA,NA,NA,NA,4Yr,"University of Southern California (Los Angeles, CA)"
2009,1,NA,14,FrRnd,14,Rangers,N,,Matt Purke (minors),LHP,-0.1,0,0,0,NA,NA,12,0,1,5.5,1.78,0,HS,"Klein HS (Klein, TX)"
2009,1,NA,15,FrRnd,15,Indians,Y,"$2,250,000 ",Alex White (minors),RHP,-0.4,34,41,2,0.146,0.484,33,5,13,6.03,1.69,0,4Yr,"University of North Carolina at Chapel Hill (Chapel Hill, NC)"
2009,1,NA,16,FrRnd,16,Diamondbacks,Y,"$1,800,000 ",Bobby Borchering (minors),3B,NA,NA,NA,NA,NA,NA,NA,NA,NA,NA,NA,NA,HS,"Bishop Verot HS (Fort Myers, FL)"
2009,1,NA,17,FrRnd,17,Diamondbacks via Dodgers,Y,"$1,400,000 ",*AJ Pollock (minors),CF,22.3,1087,3787,145,0.273,0.791,NA,NA,NA,NA,NA,NA,4Yr,"University of Notre Dame (South Bend, IN)"
2009,1,NA,18,FrRnd,18,Marlins,Y,"$1,700,000 ",Chad James (minors),LHP,NA,NA,NA,NA,NA,NA,NA,NA,NA,NA,NA,NA,HS,"Yukon HS (Yukon, OK)"
2009,1,NA,19,FrRnd,19,Cardinals,Y,"$2,875,000 ",Shelby Miller (minors),RHP,8.9,142,204,1,0.108,0.346,203,41,58,4.08,1.35,1,HS,"Brownwood HS (Brownwood, TX)"
2009,1,NA,20,FrRnd,20,Blue Jays,Y,"$1,359,000 ",Chad Jenkins (minors),RHP,1.4,4,2,0,0,0,46,3,4,3.31,1.25,0,4Yr,"Kennesaw State University (Kennesaw, GA)"
2009,1,NA,21,FrRnd,21,Astros,Y,"$1,358,000 ",Jiovanni Mier (minors),SS,NA,NA,NA,NA,NA,NA,NA,NA,NA,NA,NA,NA,HS,"Bonita HS (La Verne, CA)"
2009,1,NA,22,FrRnd,22,Twins,Y,"$1,850,000 ",Kyle Gibson (minors),RHP,15,24,48,1,0.167,0.429,300,104,100,4.54,1.38,0,4Yr,"University of Missouri (Columbia, MO)"
2009,1,NA,23,FrRnd,23,White Sox,Y,"$1,200,000 ",Jared Mitchell (minors),CF,NA,NA,NA,NA,NA,NA,NA,NA,NA,NA,NA,NA,4Yr,"Louisiana State University (Baton Rouge, LA)"
2009,1,NA,24,FrRnd,24,Angels via Mets,Y,"$1,242,000 ",*Randal Grichuk (minors),LF,12.3,1141,3968,191,0.25,0.762,1,0,0,0,0,0,HS,"Lamar Consolidated HS (Rosenberg, TX)"
2009,1,NA,25,FrRnd,25,Angels via Yankees,Y,"$1,215,000 ",*Mike Trout (minors),CF,85.2,1489,5402,368,0.301,0.994,NA,NA,NA,NA,NA,NA,HS,"Millville Senior HS (Millville, NJ)"
2009,1,NA,26,FrRnd,26,Brewers,Y,"$1,197,000 ",Eric Arnett (minors),RHP,NA,NA,NA,NA,NA,NA,NA,NA,NA,NA,NA,NA,4Yr,"Indiana University Bloomington (Bloomington, IN)"
2009,1,NA,27,FrRnd,27,Mariners via Phillies,Y,"$1,280,000 ",*Nick Franklin (minors),SS,1.2,301,833,24,0.214,0.644,1,0,0,18,3,0,HS,"Lake Brantley HS (Altamonte Springs, FL)"
2009,1,NA,28,FrRnd,28,Red Sox,Y,"$1,134,000 ",Rey Fuentes (minors),CF,-0.6,100,210,3,0.238,0.595,NA,NA,NA,NA,NA,NA,HS,"Fernando Callejo HS (Manati, Puerto Rico)"
2009,1s,NA,29,FrRnd,29,Yankees,Y,"$2,200,000 ",*Slade Heathcott (minors),CF,0.4,17,25,2,0.4,1.149,NA,NA,NA,NA,NA,NA,HS,"Texas HS (Texarkana, TX)"
2009,1,NA,30,FrRnd,30,Rays,N,,LeVon Washington (minors),2B,NA,NA,NA,NA,NA,NA,NA,NA,NA,NA,NA,NA,HS,"F. W. Buchholz HS (Gainesville, FL)"
2009,1,NA,31,FrRnd,31,Cubs,Y,"$972,000 ",Brett Jackson (minors),CF,0,51,124,4,0.169,0.63,NA,NA,NA,NA,NA,NA,4Yr,"University of California, Berkeley (Berkeley, CA)"
2009,1,NA,32,FrRnd,32,Rockies via Angels,Y,"$900,000 ",*Tim Wheeler (minors),CF,NA,NA,NA,NA,NA,NA,NA,NA,NA,NA,NA,NA,4Yr,"California State University, Sacramento (Sacramento, CA)"
2009,1s,NA,33,FrRnd,33,Mariners,Y,"$980,000 ",*Steven Baron (minors),C,-0.4,13,26,0,0.115,0.269,NA,NA,NA,NA,NA,NA,HS,"John A. Ferguson HS (Miami, FL)"
2009,1s,NA,34,FrRnd,34,Rockies,Y,"$969,000 ",*Rex Brothers (minors),LHP,4.3,355,6,0,0,0,374,23,16,4.08,1.49,21,4Yr,"Lipscomb University (Nashville, TN)"
2009,1s,NA,35,FrRnd,35,Diamondbacks,Y,"$900,000 ",*Matt Davidson (minors),3B,-0.7,306,1003,54,0.22,0.719,6,0,0,2.84,1.26,0,HS,"Yucaipa HS (Yucaipa, CA)"
2009,1s,NA,36,FrRnd,36,Dodgers,Y,"$889,200 ",*Aaron Miller (minors),LHP,NA,NA,NA,NA,NA,NA,NA,NA,NA,NA,NA,NA,4Yr,"Baylor University (Waco, TX)"
2009,1s,NA,37,FrRnd,37,Blue Jays,N,,*James Paxton (minors),LHP,13.6,8,12,0,0,0.143,156,64,38,3.69,1.22,0,4Yr,"University of Kentucky (Lexington, KY)"
2009,1s,NA,38,FrRnd,38,White Sox,Y,"$858,600 ",*Josh Phegley (minors),C,2.1,387,1116,35,0.225,0.649,1,0,0,0,0,0,4Yr,"Indiana University Bloomington (Bloomington, IN)"
2009,1s,NA,39,FrRnd,39,Brewers,Y,"$1,200,000 ",*Kentrail Davis (minors),CF,NA,NA,NA,NA,NA,NA,NA,NA,NA,NA,NA,NA,4Yr,"University of Tennessee (Knoxville, TN)"
2009,1s,NA,40,FrRnd,40,Angels,Y,"$1,000,000 ",*Tyler Skaggs (minors),LHP,3.6,17,23,0,0.087,0.212,96,28,38,4.41,1.33,0,HS,"Santa Monica HS (Santa Monica, CA)"
2009,1s,NA,41,FrRnd,41,Diamondbacks,Y,"$950,000 ",*Chris Owings (minors),SS,2,720,2305,37,0.239,0.65,3,0,0,12.27,3,0,HS,"Gilbert HS (Gilbert, SC)"
2009,1s,NA,42,FrRnd,42,Angels,Y,"$802,800 ",*Garrett Richards (minors),RHP,8.2,16,20,0,0.05,0.15,259,55,50,3.87,1.31,6,4Yr,"University of Oklahoma (Norman, OK)"
2009,1s,NA,43,FrRnd,43,Reds,Y,"$857,000 ",*Brad Boxberger (minors),RHP,4.4,184,3,0,0,0,506,31,38,3.5,1.27,84,4Yr,"University of Southern California (Los Angeles, CA)"
2009,1s,NA,44,FrRnd,44,Rangers,Y,"$1,250,000 ",*Tanner Scheppers (minors),RHP,0.9,12,0,0,NA,NA,180,12,7,4.23,1.4,3,,
2009,1s,NA,45,FrRnd,45,Diamondbacks,Y,"$725,000 ",*Mike Belfiore (minors),LHP,-0.1,0,0,0,NA,NA,1,0,0,13.5,3,0,4Yr,"Boston College (Chestnut Hill, MA)"
2009,1s,NA,46,FrRnd,46,Twins,Y,"$751,500 ",*Matt Bashore (minors),LHP,NA,NA,NA,NA,NA,NA,NA,NA,NA,NA,NA,NA,4Yr,"Indiana University Bloomington (Bloomington, IN)"
2009,1s,NA,47,FrRnd,47,Brewers,Y,"$776,000 ",*Kyle Heckathorn (minors),RHP,NA,NA,NA,NA,NA,NA,NA,NA,NA,NA,NA,NA,4Yr,"Kennesaw State University (Kennesaw, GA)"
2009,1s,NA,48,FrRnd,48,Angels,Y,"$728,100 ",*Tyler Kehrer (minors),LHP,NA,NA,NA,NA,NA,NA,NA,NA,NA,NA,NA,NA,4Yr,"Eastern Illinois University (Charleston, IL)"
2009,1s,NA,49,FrRnd,49,Pirates,Y,"$717,000 ",*Vic Black (minors),RHP,0.5,57,0,0,NA,NA,59,5,3,2.96,1.32,1,4Yr,"Dallas Baptist University (Dallas, TX)"
2010,1,NA,1,FrRnd,1,Nationals,Y,"$6,250,000 ",Bryce Harper (minors),OF,46.2,1508,5384,306,0.281,0.912,NA,NA,NA,NA,NA,NA,JC,"College of Southern Nevada (Henderson, NV)"
2010,1,NA,2,FrRnd,2,Pirates,Y,"$6,500,000 ",Jameson Taillon (minors),RHP,11.5,78,136,0,0.11,0.241,173,59,45,4,1.22,1,HS,"The Woodlands HS (The Woodlands, TX)"
2010,1,NA,3,FrRnd,3,Orioles,Y,"$5,250,000 ",Manny Machado (minors),SS,54.9,1583,6216,313,0.279,0.829,NA,NA,NA,NA,NA,NA,HS,"Brito Miami Private School (Miami, FL)"
2010,1,NA,4,FrRnd,4,Royals,Y,"$2,750,000 ",Christian Col�n (minors),SS,1.1,161,378,1,0.249,0.622,NA,NA,NA,NA,NA,NA,4Yr,"California State University, Fullerton (Fullerton, CA)"
2010,1,NA,5,FrRnd,5,Indians,Y,"$2,650,000 ",Drew Pomeranz (minors),LHP,12.4,131,89,2,0.135,0.369,289,48,58,3.91,1.35,9,4Yr,"University of Mississippi (Oxford, MS)"
2010,1,NA,6,FrRnd,6,Diamondbacks,N,,Barret Loux (minors),RHP,NA,NA,NA,NA,NA,NA,NA,NA,NA,NA,NA,NA,4Yr,"Texas A&M University (College Station, TX)"
2010,1,NA,7,FrRnd,7,Mets,Y,"$2,525,000 ",Matt Harvey (minors),RHP,9.3,132,255,1,0.106,0.265,180,50,66,4.42,1.29,0,4Yr,"University of North Carolina at Chapel Hill (Chapel Hill, NC)"
2010,1,NA,8,FrRnd,8,Astros,Y,"$2,150,000 ",Delino DeShields (minors),CF,5.1,601,1828,19,0.246,0.669,NA,NA,NA,NA,NA,NA,HS,"Woodward Academy (College Park, GA)"
2010,1,NA,9,FrRnd,9,Padres,N,,Karsten Whitson (minors),RHP,NA,NA,NA,NA,NA,NA,NA,NA,NA,NA,NA,NA,HS,"Chipley HS (Chipley, FL)"
2010,1,NA,10,FrRnd,10,Athletics,Y,"$2,000,000 ",Michael Choice (minors),CF,-2,96,272,9,0.188,0.573,NA,NA,NA,NA,NA,NA,4Yr,"University of Texas at Arlington (Arlington, TX)"
2010,1,NA,11,FrRnd,11,Blue Jays,Y,"$2,000,000 ",Deck McGuire (minors),RHP,-0.2,9,6,0,0.167,0.333,27,1,3,5.23,1.47,0,4Yr,"Georgia Institute of Technology (Atlanta, GA)"
2010,1,NA,12,FrRnd,12,Reds,Y,"$2,000,000 ",Yasmani Grandal (minors),C,19.6,1235,3923,185,0.237,0.773,NA,NA,NA,NA,NA,NA,4Yr,"University of Miami (Coral Gables, FL)"
2010,1,NA,13,FrRnd,13,White Sox,Y,"$1,656,000 ",Chris Sale (minors),LHP,47.2,14,26,0,0.115,0.269,343,120,80,3.1,1.05,12,4Yr,"Florida Gulf Coast University (Fort Myers, FL)"
2010,1,NA,14,FrRnd,14,Brewers,N,,Dylan Covey (minors),RHP,-2.6,4,4,0,0,0,100,7,32,6.18,1.58,0,HS,"Maranatha HS (Pasadena, CA)"
2010,1s,NA,15,FrRnd,15,Rangers,Y,"$1,557,000 ",*Jake Skole (minors),CF,NA,NA,NA,NA,NA,NA,NA,NA,NA,NA,NA,NA,HS,"Blessed Trinity Catholic HS (Roswell, GA)"
2010,1,NA,16,FrRnd,16,Cubs,Y,"$1,060,000 ",Hayden Simpson (minors),RHP,NA,NA,NA,NA,NA,NA,NA,NA,NA,NA,NA,NA,4Yr,"Southern Arkansas University (Magnolia, AR)"
2010,1,NA,17,FrRnd,17,Rays,Y,"$1,620,000 ",Josh Sale (minors),RF,NA,NA,NA,NA,NA,NA,NA,NA,NA,NA,NA,NA,HS,"Bishop Blanchet HS (Seattle, WA)"
2010,1,NA,18,FrRnd,18,Angels via Mariners,Y,"$2,300,000 ",*Kaleb Cowart (minors),RHP,-1.4,171,370,6,0.176,0.53,NA,NA,NA,NA,NA,NA,HS,"Cook HS (Adel, GA)"
2010,1,NA,19,FrRnd,19,Astros via Tigers,Y,"$1,305,000 ",*Mike Foltynewicz (minors),RHP,4.4,117,201,0,0.07,0.159,166,46,54,4.52,1.32,0,HS,"Minooka Community HS (Minooka, IL)"
2010,1,NA,20,FrRnd,20,Red Sox via Braves,Y,"$1,359,000 ",*Kolbrin Vitek (minors),2B,NA,NA,NA,NA,NA,NA,NA,NA,NA,NA,NA,NA,4Yr,"Ball State University (Muncie, IN)"
2010,1,NA,21,FrRnd,21,Twins,Y,"$1,332,000 ",Alex Wimmers (minors),RHP,0.2,2,0,0,NA,NA,22,1,3,4.38,1.66,0,4Yr,"The Ohio State University (Columbus, OH)"
2010,1,NA,22,FrRnd,22,Rangers,Y,"$1,000,000 ",Kellin Deglan (minors),C,NA,NA,NA,NA,NA,NA,NA,NA,NA,NA,NA,NA,HS,"R. E. Mountain Secondary (Langley, BC)"
2010,1,NA,23,FrRnd,23,Marlins,Y,"$1,700,000 ",Christian Yelich (minors),1B,39.8,1393,5265,193,0.286,0.84,NA,NA,NA,NA,NA,NA,HS,"Westlake HS (Westlake Village, CA)"
2010,1,NA,24,FrRnd,24,Giants,Y,"$1,450,000 ",Gary Brown (minors),CF,0.1,7,7,0,0.429,0.857,NA,NA,NA,NA,NA,NA,4Yr,"California State University, Fullerton (Fullerton, CA)"
2010,1,NA,25,FrRnd,25,Cardinals,Y,"$2,000,000 ",Zack Cox (minors),3B,NA,NA,NA,NA,NA,NA,NA,NA,NA,NA,NA,NA,4Yr,"University of Arkansas (Fayetteville, AR)"
2010,1,NA,26,FrRnd,26,Rockies,Y,"$1,400,000 ",Kyle Parker (minors),RF,-1.6,64,132,3,0.182,0.513,NA,NA,NA,NA,NA,NA,4Yr,"Clemson University (Clemson, SC)"
2010,1,NA,27,FrRnd,27,Phillies,Y,"$1,160,000 ",Jesse Biddle (minors),LHP,-0.6,77,2,0,0.5,1.5,99,6,2,5.07,1.6,1,HS,"Germantown Friends HS (Philadelphia, PA)"
2010,1,NA,28,FrRnd,28,Dodgers,Y,"$5,250,000 ",Zach Lee (minors),RHP,-0.3,4,5,0,0,0,4,1,1,8.53,2.21,0,HS,"McKinney HS (McKinney, TX)"
2010,1,NA,29,FrRnd,29,Angels via Red Sox,Y,"$1,116,000 ",*Cam Bedrosian (minors),RHP,1.7,40,0,0,NA,NA,311,17,13,3.81,1.37,9,HS,"East Coweta HS (Sharpsburg, GA)"
2010,1,NA,30,FrRnd,30,Angels,Y,"$1,089,000 ",Chevy Clarke (minors),CF,NA,NA,NA,NA,NA,NA,NA,NA,NA,NA,NA,NA,HS,"Marietta HS (Marietta, GA)"
2010,1s,NA,31,FrRnd,31,Rays,Y,"$1,025,000 ",*Justin O'Conner (minors),C,NA,NA,NA,NA,NA,NA,NA,NA,NA,NA,NA,NA,HS,"Cowan HS (Muncie, IN)"
2010,1,NA,32,FrRnd,32,Yankees,Y,"$954,000 ",Cito Culver (minors),RHP,NA,NA,NA,NA,NA,NA,NA,NA,NA,NA,NA,NA,HS,"Irondequoit HS (Rochester, NY)"
2010,1s,NA,33,FrRnd,33,Astros,Y,"$936,000 ",*Mike Kvasnicka (minors),C,NA,NA,NA,NA,NA,NA,NA,NA,NA,NA,NA,NA,4Yr,"University of Minnesota (Minneapolis, MN)"
2010,1s,NA,34,FrRnd,34,Blue Jays,Y,"$775,000 ",*Aaron Sanchez (minors),RHP,8.1,17,22,0,0,0.044,174,38,38,4.16,1.38,3,HS,"Barstow HS (Barstow, CA)"
2010,1s,NA,35,FrRnd,35,Braves,Y,"$800,000 ",*Matt Lipka (minors),SS,NA,NA,NA,NA,NA,NA,NA,NA,NA,NA,NA,NA,HS,"McKinney HS (McKinney, TX)"
2010,1s,NA,36,FrRnd,36,Red Sox,Y,"$889,200 ",*Bryce Brentz (minors),LF,0,34,87,1,0.287,0.69,NA,NA,NA,NA,NA,NA,4Yr,"Middle Tennessee State University (Murfreesboro, TN)"
2010,1s,NA,37,FrRnd,37,Angels,Y,"$873,000 ",*Taylor Lindsey (minors),SS,NA,NA,NA,NA,NA,NA,NA,NA,NA,NA,NA,NA,HS,"Desert Mountain HS (Scottsdale, AZ)"
2010,1s,NA,38,FrRnd,38,Blue Jays,Y,"$600,000 ",*Noah Syndergaard (minors),RHP,15.7,113,222,6,0.153,0.472,164,59,47,3.71,1.2,0,HS,"Legacy HS (Mansfield, TX)"
2010,1s,NA,39,FrRnd,39,Red Sox,Y,"$2,550,000 ",*Anthony Ranaudo (minors),RHP,-1.6,5,10,1,0.1,0.5,20,5,5,7.01,1.59,0,4Yr,"Louisiana State University (Baton Rouge, LA)"
2010,1s,NA,40,FrRnd,40,Angels,Y,"$829,800 ",*Ryan Bolden (minors),CF,NA,NA,NA,NA,NA,NA,NA,NA,NA,NA,NA,NA,HS,"Madison Central HS (Madison, MS)"
2010,1s,NA,41,FrRnd,41,Blue Jays,Y,"$815,400 ",*Asher Wojciechowski (minors),RHP,-0.3,24,15,0,0.067,0.133,58,9,15,5.93,1.46,0,4Yr,"The Citadel (Charleston, SC)"
2010,1s,NA,42,FrRnd,42,Rays,Y,"$845,000 ",*Drew Vettleson (minors),RF,NA,NA,NA,NA,NA,NA,NA,NA,NA,NA,NA,NA,HS,"Central Kitsap HS (Silverdale, WA)"
2010,1s,NA,43,FrRnd,43,Mariners,Y,"$800,000 ",*Taijuan Walker (minors),RHP,12.7,61,112,1,0.161,0.388,198,69,56,3.97,1.24,0,HS,"Yucaipa HS (Yucaipa, CA)"
2010,1s,NA,44,FrRnd,44,Tigers,Y,"$3,450,000 ",*Nick Castellanos (minors),3B,14,1379,5259,210,0.276,0.799,NA,NA,NA,NA,NA,NA,HS,"Archbishop McCarthy HS (Southwest Ranches, FL)"
2010,1s,NA,45,FrRnd,45,Rangers,Y,"$1,545,000 ",*Luke Jackson (minors),RHP,2.7,206,3,0,0,0.25,286,18,8,4.1,1.45,19,HS,"Calvary Christian HS (Fort Lauderdale, FL)"
2010,1s,NA,46,FrRnd,46,Cardinals,Y,"$751,500 ",*Seth Blair (minors),RHP,NA,NA,NA,NA,NA,NA,NA,NA,NA,NA,NA,NA,4Yr,"Arizona State University (Tempe, AZ)"
2010,1s,NA,47,FrRnd,47,Rockies,Y,"$982,500 ",*Pete Tago (minors),RHP,NA,NA,NA,NA,NA,NA,NA,NA,NA,NA,NA,NA,HS,"Dana Hills HS (Dana Point, CA)"
2010,1s,NA,48,FrRnd,48,Tigers,Y,"$1,150,000 ",*Chance Ruffin (minors),RHP,-0.5,2,0,0,NA,NA,24,1,2,5.6,1.68,0,4Yr,"University of Texas at Austin (Austin, TX)"
2010,1s,NA,49,FrRnd,49,Rangers,Y,"$717,300 ",*Mike Olt (minors),3B,-1.7,135,352,16,0.168,0.58,NA,NA,NA,NA,NA,NA,4Yr,"University of Connecticut (Storrs, CT)"
2010,1s,NA,50,FrRnd,50,Cardinals,Y,"$1,300,000 ",*Tyrell Jenkins (minors),RHP,-0.4,14,13,0,0,0,14,2,4,5.88,1.69,0,HS,"Henderson HS (Henderson, TX)"
2011,1,NA,1,FrRnd,1,Pirates,Y,"$8,000,000 ",Gerrit Cole (minors),RHP,41.2,128,251,3,0.163,0.393,300,145,75,3.17,1.09,0,4Yr,"University of California, Los Angeles (Los Angeles, CA)"
2011,1,NA,2,FrRnd,2,Mariners,Y,"$6,350,000 ",Danny Hultzen (minors),LHP,0.2,6,0,0,NA,NA,6,0,0,0,1.8,0,4Yr,"University of Virginia (Charlottesville, VA)"
2011,1,NA,3,FrRnd,3,Diamondbacks,Y,"$3,400,000 ",Trevor Bauer (minors),RHP,21.1,40,73,0,0.069,0.185,222,83,69,3.79,1.24,1,4Yr,"University of California, Los Angeles (Los Angeles, CA)"
2011,1,NA,4,FrRnd,4,Orioles,Y,"$4,000,000 ",Dylan Bundy (minors),RHP,7.4,8,14,0,0.143,0.286,190,54,65,4.74,1.3,0,HS,"Owasso HS (Owasso, OK)"
2011,1,NA,5,FrRnd,5,Royals,Y,"$7,500,000 ",Bubba Starling (minors),OF,-1.8,91,245,5,0.204,0.544,NA,NA,NA,NA,NA,NA,HS,"Gardner-Edgerton HS (Gardner, KS)"
2011,1,NA,6,FrRnd,6,Nationals,Y,"$6,000,000 ",Anthony Rendon (minors),3B,33.2,1116,4144,158,0.283,0.841,NA,NA,NA,NA,NA,NA,4Yr,"Rice University (Houston, TX)"
2011,1s,NA,7,FrRnd,7,Diamondbacks,Y,"$5,000,000 ",*Archie Bradley (minors),RHP,5.6,274,63,0,0.095,0.189,333,30,29,4.03,1.38,32,HS,"Broken Arrow HS (Broken Arrow, OK)"
2011,1,NA,8,FrRnd,8,Indians,Y,"$2,900,000 ",Francisco Lindor (minors),SS,42.7,1223,4824,215,0.274,0.815,NA,NA,NA,NA,NA,NA,HS,"Montverde Academy (Montverde, FL)"
2011,1,NA,9,FrRnd,9,Cubs,Y,"$2,625,000 ",Javier B�ez (minors),SS,26.6,1142,4105,175,0.256,0.744,NA,NA,NA,NA,NA,NA,HS,"Arlington Country Day School (Jacksonville, FL)"
2011,1s,NA,10,FrRnd,10,Padres,Y,"$1,863,000 ",*Cory Spangenberg (minors),2B,4.7,420,1250,29,0.256,0.704,2,0,0,13.5,3.5,0,JC,"Indian River State College (Fort Pierce, FL)"
2011,1,NA,11,FrRnd,11,Astros,Y,"$2,525,000 ",George Springer (minors),OF,36.2,1160,4512,242,0.267,0.835,NA,NA,NA,NA,NA,NA,4Yr,"University of Connecticut (Storrs, CT)"
2011,1,NA,12,FrRnd,12,Brewers,Y,"$2,525,000 ",Taylor Jungmann (minors),RHP,1.2,30,45,0,0.244,0.55,30,9,13,4.54,1.38,0,4Yr,"University of Texas at Austin (Austin, TX)"
2011,1,NA,13,FrRnd,13,Mets,Y,"$2,100,000 ",Brandon Nimmo (minors),OF,21,760,2565,87,0.27,0.828,NA,NA,NA,NA,NA,NA,HS,"East HS (Cheyenne, WY)"
2011,1,NA,14,FrRnd,14,Marlins,Y,"$2,000,000 ",Jos� Fern�ndez (minors),RHP,14.2,71,136,2,0.213,0.519,76,38,17,2.58,1.05,0,HS,"Braulio Alonso HS (Tampa, FL)"
2011,1s,NA,15,FrRnd,15,Brewers,Y,"$2,000,000 ",*Jed Bradley (minors),LHP,0,6,0,0,NA,NA,6,1,1,5.14,1.86,0,4Yr,"Georgia Institute of Technology (Atlanta, GA)"
2011,1,NA,16,FrRnd,16,Dodgers,Y,"$1,589,000 ",Chris Reed (minors),LHP,0,2,0,0,NA,NA,2,0,0,4.5,1.75,0,4Yr,"Stanford University (Palo Alto, CA)"
2011,1,NA,17,FrRnd,17,Angels,Y,"$1,467,000 ",C.J. Cron (minors),1B,12.4,1049,3670,187,0.26,0.791,NA,NA,NA,NA,NA,NA,4Yr,"University of Utah (Salt Lake City, UT)"
2011,1,NA,18,FrRnd,18,Athletics,Y,"$1,540,000 ",Sonny Gray (minors),RHP,30,63,99,0,0.141,0.328,279,98,85,3.47,1.2,0,4Yr,"Vanderbilt University (Nashville, TN)"
2011,1,NA,19,FrRnd,19,Red Sox via Tigers,Y,"$1,500,000 ",*Matt Barnes (minors),RHP,4.3,25,1,0,0,0,453,33,30,4.13,1.36,47,4Yr,"University of Connecticut (Storrs, CT)"
2011,1,NA,20,FrRnd,20,Rockies,Y,"$1,400,000 ",Tyler Anderson (minors),LHP,12.1,94,158,2,0.095,0.282,174,50,49,4.35,1.28,0,4Yr,"University of Oregon (Eugene, OR)"
2011,1,NA,21,FrRnd,21,Blue Jays,N,,Tyler Beede (minors),RHP,-0.4,28,40,0,0.1,0.263,58,7,16,5.34,1.56,0,HS,"Lawrence Academy (Groton, MA)"
2011,1,NA,22,FrRnd,22,Cardinals,Y,"$1,300,000 ",Kolten Wong (minors),2B,22.1,1189,3796,86,0.256,0.719,NA,NA,NA,NA,NA,NA,4Yr,"University of Hawaii at Manoa (Honolulu, HI)"
2011,1,NA,23,FrRnd,23,Nationals via White Sox,Y,"$2,000,000 ",*Alex Meyer (minors),RHP,0.7,3,2,0,0.5,1,22,5,8,4.63,1.46,0,4Yr,"University of Kentucky (Lexington, KY)"
2011,1,NA,24,FrRnd,24,Rays via Red Sox,Y,"$1,600,000 ",*Taylor Guerrieri (minors),RHP,0.2,2,0,0,NA,NA,29,0,0,5.5,1.69,0,HS,"Spring Valley HS (Columbia, SC)"
2011,1,NA,25,FrRnd,25,Padres,Y,"$2,750,000 ",Joe Ross (minors),RHP,4.9,110,157,0,0.185,0.434,98,26,28,4.26,1.33,0,HS,"Bishop O'Dowd HS (Oakland, CA)"
2011,1,NA,26,FrRnd,26,Red Sox via Rangers,Y,"$2,500,000 ",*Blake Swihart (minors),C,-0.3,234,639,12,0.243,0.656,NA,NA,NA,NA,NA,NA,HS,"V. Sue Cleveland HS (Rio Rancho, NM)"
2011,1,NA,27,FrRnd,27,Reds,Y,"$2,000,000 ",Robert Stephenson (minors),RHP,0.8,137,36,0,0.028,0.082,271,17,20,4.64,1.34,3,HS,"Alhambra HS (Martinez, CA)"
2011,1,NA,28,FrRnd,28,Braves,Y,"$1,134,000 ",Sean Gilmartin (minors),LHP,1.1,64,7,0,0.429,1,81,4,5,4.34,1.42,0,4Yr,"Florida State University (Tallahassee, FL)"
2011,1,NA,29,FrRnd,29,Giants,Y,"$1,116,000 ",Joe Panik (minors),SS,5.4,818,2778,42,0.264,0.7,NA,NA,NA,NA,NA,NA,4Yr,"St. John's University (Queens, NY)"
2011,1,NA,30,FrRnd,30,Twins,Y,"$1,175,000 ",Levi Michael (minors),SS,NA,NA,NA,NA,NA,NA,NA,NA,NA,NA,NA,NA,4Yr,"University of North Carolina at Chapel Hill (Chapel Hill, NC)"
2011,1,NA,31,FrRnd,31,Rays via Yankees,Y,"$1,150,000 ",*Mikie Mahtook (minors),OF,0.3,291,884,33,0.235,0.697,NA,NA,NA,NA,NA,NA,4Yr,"Louisiana State University (Baton Rouge, LA)"
2011,1,NA,32,FrRnd,32,Rays,Y,"$963,000 ",Jake Hager (minors),SS,-0.2,42,76,0,0.197,0.531,3,0,0,7.71,1.29,0,HS,"Sierra Vista HS (Las Vegas, NV)"
2011,1,NA,33,FrRnd,33,Rangers via Phillies,Y,"$936,000 ",*Kevin Matthews (minors),LHP,NA,NA,NA,NA,NA,NA,NA,NA,NA,NA,NA,NA,HS,"Richmond Hill HS (Richmond Hill, GA)"
2011,1s,NA,34,FrRnd,34,Nationals,Y,"$3,000,000 ",*Brian Goodwin (minors),OF,1.5,429,1244,50,0.244,0.757,NA,NA,NA,NA,NA,NA,4Yr,"Miami Dade College, Kendall Campus (Miami, FL)"
2011,1s,NA,35,FrRnd,35,Blue Jays,Y,"$990,000 ",*Jacob Anderson (minors),OF,NA,NA,NA,NA,NA,NA,NA,NA,NA,NA,NA,NA,HS,"Chino HS (Chino, CA)"
2011,1s,NA,36,FrRnd,36,Red Sox,Y,"$1,550,000 ",*Henry Owens (minors),LHP,0.1,1,2,0,0,0,16,4,6,5.19,1.52,0,HS,"Edison HS (Huntington Beach, CA)"
2011,1s,NA,37,FrRnd,37,Rangers,Y,"$873,000 ",*Zach Cone (minors),OF,NA,NA,NA,NA,NA,NA,NA,NA,NA,NA,NA,NA,4Yr,"University of Georgia (Athens, GA)"
2011,1s,NA,38,FrRnd,38,Rays,Y,"$860,000 ",*Brandon Martin (minors),SS,NA,NA,NA,NA,NA,NA,NA,NA,NA,NA,NA,NA,HS,"Santiago HS (Corona, CA)"
2011,1s,NA,39,FrRnd,39,Phillies,Y,"$1,000,000 ",*Larry Greene (minors),OF,NA,NA,NA,NA,NA,NA,NA,NA,NA,NA,NA,NA,HS,"Berrien County HS (Nashville, GA)"
2011,1s,NA,40,FrRnd,40,Red Sox,Y,"$1,100,000 ",*Jackie Bradley Jr. (minors),OF,16.9,1181,3735,109,0.225,0.684,1,0,0,9,4,0,4Yr,"University of South Carolina (Columbia, SC)"
2011,1s,NA,41,FrRnd,41,Rays,Y,"$1,500,000 ",*Tyler Goeddel (minors),3B,-1.2,92,213,4,0.193,0.549,NA,NA,NA,NA,NA,NA,HS,"St. Francis HS (Mountain View, CA)"
2011,1s,NA,42,FrRnd,42,Rays,Y,"$650,000 ",*Jeff Ames (minors),RHP,NA,NA,NA,NA,NA,NA,NA,NA,NA,NA,NA,NA,JC,"Lower Columbia College (Longview, WA)"
2011,1s,NA,43,FrRnd,43,Diamondbacks,Y,"$875,000 ",*Andrew Chafin (minors),LHP,6.8,350,5,0,0.2,0.4,539,17,24,3.4,1.25,19,4Yr,"Kent State University (Kent, OH)"
2011,1s,NA,44,FrRnd,44,Mets,Y,"$937,500 ",*Michael Fulmer (minors),RHP,12.5,14,14,0,0,0,262,37,50,3.94,1.26,19,HS,"Deer Creek HS (Edmond, OK)"
2011,1s,NA,45,FrRnd,45,Rockies,Y,"$915,000 ",*Trevor Story (minors),SS,30.1,882,3337,177,0.265,0.836,NA,NA,NA,NA,NA,NA,HS,"Irving HS (Irving, TX)"
2011,1s,NA,46,FrRnd,46,Blue Jays,Y,"$500,000 ",*Joe Musgrove (minors),RHP,12.9,104,138,0,0.145,0.358,187,60,57,3.72,1.17,2,HS,"Grossmont HS (La Mesa, CA)"
2011,1s,NA,47,FrRnd,47,White Sox,Y,"$795,000 ",*Keenyn Walker (minors),OF,NA,NA,NA,NA,NA,NA,NA,NA,NA,NA,NA,NA,JC,"Central Arizona College (Coolidge, AZ)"
2011,1s,NA,48,FrRnd,48,Padres,Y,"$718,000 ",*Michael Kelly (minors),RHP,0.2,0,0,0,NA,NA,18,1,0,3.48,1.26,0,HS,"West Boca Raton Community HS (Boca Raton, FL)"
2011,1s,NA,49,FrRnd,49,Giants,Y,"$900,000 ",*Kyle Crick (minors),RHP,1.6,162,0,0,NA,NA,194,9,11,3.56,1.32,2,HS,"Sherman HS (Sherman, TX)"
2011,1s,NA,50,FrRnd,50,Twins,Y,"$1,050,000 ",*Travis Harrison (minors),3B,NA,NA,NA,NA,NA,NA,NA,NA,NA,NA,NA,NA,HS,"Tustin HS (Tustin, CA)"
2011,1s,NA,51,FrRnd,51,Yankees,Y,"$750,000 ",*Dante Bichette (minors),3B,NA,NA,NA,NA,NA,NA,NA,NA,NA,NA,NA,NA,HS,"Orangewood Christian HS (Maitland, FL)"
2011,1s,NA,52,FrRnd,52,Rays,Y,"$684,000 ",*Blake Snell (minors),LHP,21.1,31,42,0,0.095,0.269,191,71,55,3.2,1.24,0,HS,"Shorewood HS (Shoreline, WA)"
2011,1s,NA,53,FrRnd,53,Blue Jays,Y,"$800,000 ",*Dwight Smith Jr. (minors),OF,-0.8,169,512,17,0.248,0.726,NA,NA,NA,NA,NA,NA,HS,"McIntosh HS (Peachtree City, GA)"
2011,1s,NA,54,FrRnd,54,Padres,N,,*Brett Austin (minors),C,NA,NA,NA,NA,NA,NA,NA,NA,NA,NA,NA,NA,HS,"Providence HS (Charlotte, NC)"
2011,1s,NA,55,FrRnd,55,Twins,Y,"$1,000,000 ",*Hudson Boyd (minors),RHP,NA,NA,NA,NA,NA,NA,NA,NA,NA,NA,NA,NA,HS,"Bishop Verot HS (Fort Myers, FL)"
2011,1s,NA,56,FrRnd,56,Rays,Y,"$625,000 ",*Kes Carter (minors),OF,NA,NA,NA,NA,NA,NA,NA,NA,NA,NA,NA,NA,4Yr,"Western Kentucky University (Bowling Green, KY)"
2011,1s,NA,57,FrRnd,57,Blue Jays,Y,"$1,650,000 ",*Kevin Comer (minors),RHP,NA,NA,NA,NA,NA,NA,NA,NA,NA,NA,NA,NA,HS,"Seneca HS (Tabernacle, NJ)"
2011,1s,NA,58,FrRnd,58,Padres,Y,"$624,600 ",*Jace Peterson (minors),SS,3.3,873,2393,42,0.228,0.656,6,0,0,12,2.83,0,4Yr,"McNeese State University (Lake Charles, LA)"
2011,1s,NA,59,FrRnd,59,Rays,Y,"$370,000 ",*Grayson Garvin (minors),LHP,NA,NA,NA,NA,NA,NA,NA,NA,NA,NA,NA,NA,4Yr,"Vanderbilt University (Nashville, TN)"
2011,1s,NA,60,FrRnd,60,Rays,Y,"$490,000 ",*James Harris (minors),OF,NA,NA,NA,NA,NA,NA,NA,NA,NA,NA,NA,NA,HS,"Oakland Technical HS (Oakland, CA)"
2012,1,NA,1,FrRnd,1,Astros,Y,"$4,800,000 ",Carlos Correa (minors),SS,40.9,1023,3860,173,0.272,0.82,NA,NA,NA,NA,NA,NA,HS,"Puerto Rico Baseball Academy (Gurabo, Puerto Rico)"
2012,1,NA,2,FrRnd,2,Twins,Y,"$6,000,000 ",Byron Buxton (minors),OF,21,670,2259,115,0.239,0.768,NA,NA,NA,NA,NA,NA,HS,"Appling County HS (Baxley, GA)"
2012,1,NA,3,FrRnd,3,Mariners,Y,"$4,000,000 ",Mike Zunino (minors),C,9.2,892,2798,149,0.199,0.676,NA,NA,NA,NA,NA,NA,4Yr,"University of Florida (Gainesville, FL)"
2012,1,NA,4,FrRnd,4,Orioles,Y,"$4,320,000 ",Kevin Gausman (minors),RHP,23,81,110,0,0.109,0.27,298,88,91,3.84,1.26,0,4Yr,"Louisiana State University (Baton Rouge, LA)"
2012,1,NA,5,FrRnd,5,Royals,Y,"$3,000,000 ",Kyle Zimmer (minors),RHP,0,4,0,0,NA,NA,83,5,2,5.19,1.54,2,4Yr,"University of San Francisco (San Francisco, CA)"
2012,1,NA,6,FrRnd,6,Cubs,Y,"$3,900,000 ",Albert Almora (minors),OF,3.2,600,1491,33,0.259,0.683,1,0,0,27,2,0,HS,"Mater Academy Charter School (Hialeah, FL)"
2012,1,NA,7,FrRnd,7,Padres,Y,"$3,000,000 ",Max Fried (minors),LHP,20.5,93,126,0,0.214,0.542,139,62,26,3.03,1.16,0,HS,"Harvard-Westlake HS (Los Angeles, CA)"
2012,1,NA,8,FrRnd,8,Pirates,N,,Mark Appel (minors),RHP,0.3,1,0,0,NA,NA,6,0,0,1.74,1.16,0,4Yr,"Stanford University (Palo Alto, CA)"
2012,1,NA,9,FrRnd,9,Marlins,Y,"$2,600,000 ",Andrew Heaney (minors),LHP,8,15,24,0,0.125,0.285,171,46,48,4.49,1.27,0,4Yr,"Oklahoma State University (Stillwater, OK)"
2012,1,NA,10,FrRnd,10,Rockies,Y,"$2,600,000 ",David Dahl (minors),OF,0.5,331,1152,43,0.271,0.78,NA,NA,NA,NA,NA,NA,HS,"Oak Mountain HS (Birmingham, AL)"
2012,1,NA,11,FrRnd,11,Athletics,Y,"$2,625,000 ",Addison Russell (minors),SS,11.3,615,1987,60,0.242,0.704,NA,NA,NA,NA,NA,NA,HS,"Pace HS (Pace, FL)"
2012,1,NA,12,FrRnd,12,Mets,Y,"$2,300,000 ",Gavin Cecchini (minors),SS,-0.5,36,83,1,0.217,0.571,NA,NA,NA,NA,NA,NA,HS,"Alfred M. Barbe HS (Lake Charles, LA)"
2012,1,NA,13,FrRnd,13,White Sox,Y,"$2,475,000 ",Courtney Hawkins (minors),OF,NA,NA,NA,NA,NA,NA,NA,NA,NA,NA,NA,NA,HS,"Mary Carroll HS (Corpus Christi, TX)"
2012,1,NA,14,FrRnd,14,Reds,Y,"$2,000,000 ",Nick Travieso (minors),RHP,NA,NA,NA,NA,NA,NA,NA,NA,NA,NA,NA,NA,HS,"Archbishop McCarthy HS (Southwest Ranches, FL)"
2012,1,NA,15,FrRnd,15,Indians,Y,"$1,750,000 ",Tyler Naquin (minors),OF,3.1,562,1668,61,0.263,0.762,NA,NA,NA,NA,NA,NA,4Yr,"Texas A&M University (College Station, TX)"
2012,1,NA,16,FrRnd,16,Nationals,Y,"$2,925,000 ",Lucas Giolito (minors),RHP,12.5,13,18,0,0.167,0.333,180,61,62,4.43,1.25,0,HS,"Harvard-Westlake HS (Los Angeles, CA)"
2012,1,NA,17,FrRnd,17,Blue Jays,Y,"$1,750,000 ",D.J. Davis (minors),OF,NA,NA,NA,NA,NA,NA,NA,NA,NA,NA,NA,NA,HS,"Stone HS (Wiggins, MS)"
2012,1,NA,18,FrRnd,18,Dodgers,Y,"$2,350,000 ",Corey Seager (minors),SS,32,906,3489,170,0.292,0.873,NA,NA,NA,NA,NA,NA,HS,"Northwest Cabarrus HS (Concord, NC)"
2012,1,NA,19,FrRnd,19,Cardinals via Angels,Y,"$1,900,000 ",*Michael Wacha (minors),RHP,13,159,251,0,0.092,0.222,249,88,54,3.96,1.29,0,4Yr,"Texas A&M University (College Station, TX)"
2012,1,NA,20,FrRnd,20,Giants,Y,"$1,850,000 ",Chris Stratton (minors),RHP,1.8,138,64,0,0.125,0.264,302,37,24,4.43,1.41,12,4Yr,"Mississippi State University (Mississippi State, MS)"
2012,1,NA,21,FrRnd,21,Braves,Y,"$1,650,000 ",Lucas Sims (minors),RHP,2.6,92,27,0,0.074,0.148,187,21,13,4.52,1.26,11,HS,"Brookwood HS (Snellville, GA)"
2012,1,NA,22,FrRnd,22,Blue Jays,Y,"$1,800,000 ",*Marcus Stroman (minors),RHP,21.7,56,89,1,0.101,0.308,231,77,76,3.65,1.25,1,4Yr,"Duke University (Durham, NC)"
2012,1,NA,23,FrRnd,23,Cardinals,Y,"$1,600,000 ",James Ramsey (minors),OF,NA,NA,NA,NA,NA,NA,NA,NA,NA,NA,NA,NA,4Yr,"Florida State University (Tallahassee, FL)"
2012,1,NA,24,FrRnd,24,Red Sox,Y,"$2,050,000 ",Deven Marrero (minors),SS,-0.3,178,341,6,0.191,0.525,NA,NA,NA,NA,NA,NA,4Yr,"Arizona State University (Tempe, AZ)"
2012,1,NA,25,FrRnd,25,Rays,Y,"$1,710,000 ",Richie Shaffer (minors),3B,0,51,122,5,0.213,0.72,NA,NA,NA,NA,NA,NA,4Yr,"Clemson University (Clemson, SC)"
2012,1,NA,26,FrRnd,26,Diamondbacks,Y,"$1,700,000 ",Stryker Trahan (minors),C,NA,NA,NA,NA,NA,NA,NA,NA,NA,NA,NA,NA,HS,"Acadiana HS (Lafayette, LA)"
2012,1,NA,27,FrRnd,27,Brewers via Tigers,Y,"$1,675,000 ",*Clint Coulter (minors),C,NA,NA,NA,NA,NA,NA,NA,NA,NA,NA,NA,NA,HS,"Union HS (Camas, WA)"
2012,1,NA,28,FrRnd,28,Brewers,Y,"$1,525,000 ",Victor Roache (minors),OF,NA,NA,NA,NA,NA,NA,NA,NA,NA,NA,NA,NA,4Yr,"Georgia Southern University (Statesboro, GA)"
2012,1,NA,29,FrRnd,29,Rangers,Y,"$1,625,000 ",Lewis Brinson (minors),OF,-3.6,357,1071,28,0.198,0.574,NA,NA,NA,NA,NA,NA,HS,"Coral Springs HS (Coral Springs, FL)"
2012,1,NA,30,FrRnd,30,Yankees,Y,"$1,200,000 ",Ty Hensley (minors),RHP,NA,NA,NA,NA,NA,NA,NA,NA,NA,NA,NA,NA,HS,"Edmond Santa Fe HS (Edmond, OK)"
2012,1s,NA,31,FrRnd,31,Red Sox,Y,"$1,575,000 ",*Brian Johnson (minors),LHP,0.9,6,7,0,0.143,0.286,65,7,9,4.74,1.55,0,4Yr,"University of Florida (Gainesville, FL)"
2012,1s,NA,32,FrRnd,32,Twins,Y,"$1,550,000 ",*Jos� Berr�os (minors),RHP,13.3,11,17,0,0.118,0.284,212,83,66,4.15,1.24,0,HS,"Papa Juan HS (Bayamon, Puerto Rico)"
2012,1s,NA,33,FrRnd,33,Padres,Y,"$1,200,000 ",*Zach Eflin (minors),RHP,10.3,93,167,1,0.126,0.298,158,52,53,4.28,1.24,1,HS,"Paul J. Hagerty HS (Oviedo, FL)"
2012,1s,NA,34,FrRnd,34,Athletics,Y,"$1,500,000 ",*Daniel Robertson (minors),SS,2.2,299,801,18,0.227,0.683,3,0,0,0,0.67,0,HS,"Upland HS (Upland, CA)"
2012,1s,NA,35,FrRnd,35,Mets,Y,"$1,400,000 ",*Kevin Plawecki (minors),C,2.4,447,1268,22,0.235,0.654,7,0,0,4.7,0.91,0,4Yr,"Purdue University (West Lafayette, IN)"
2012,1s,NA,36,FrRnd,36,Cardinals,Y,"$1,430,000 ",*Stephen Piscotty (minors),3B,6.5,726,2517,93,0.256,0.754,NA,NA,NA,NA,NA,NA,4Yr,"Stanford University (Palo Alto, CA)"
2012,1s,NA,37,FrRnd,37,Red Sox,Y,"$1,000,000 ",*Pat Light (minors),RHP,-0.7,2,0,0,NA,NA,17,0,1,11.34,2.28,0,4Yr,"Monmouth University (West Long Branch, NJ)"
2012,1s,NA,38,FrRnd,38,Brewers,Y,"$1,200,000 ",*Mitch Haniger (minors),OF,15.1,625,2375,118,0.256,0.796,NA,NA,NA,NA,NA,NA,4Yr,"California Polytechnic State University, San Luis Obispo (San Luis Obispo, CA)"
2012,1s,NA,39,FrRnd,39,Rangers,Y,"$2,250,000 ",*Joey Gallo (minors),3B,15.1,863,2646,198,0.197,0.789,NA,NA,NA,NA,NA,NA,HS,"Bishop Gorman HS (Las Vegas, NV)"
2012,1s,NA,40,FrRnd,40,Phillies,Y,"$1,291,300 ",*Shane Watson (minors),RHP,NA,NA,NA,NA,NA,NA,NA,NA,NA,NA,NA,NA,HS,"Lakewood HS (Lakewood, CA)"
2012,1s,NA,41,FrRnd,41,Astros,Y,"$2,500,000 ",*Lance McCullers Jr. (minors),RHP,11.1,7,14,0,0.071,0.143,130,49,32,3.48,1.25,0,HS,"Jesuit HS (Tampa, FL)"
2012,1s,NA,42,FrRnd,42,Twins,Y,"$1,227,000 ",*Luke Bard (minors),RHP,0.8,2,0,0,NA,NA,55,4,4,4.44,1.11,0,4Yr,"Georgia Institute of Technology (Atlanta, GA)"
2012,1s,NA,43,FrRnd,43,Cubs,Y,"$1,196,000 ",*Pierce Johnson (minors),RHP,1.4,97,1,0,0,0,207,12,15,4.04,1.38,13,4Yr,"Missouri State University (Springfield, MO)"
2012,1s,NA,44,FrRnd,44,Padres,Y,"$975,000 ",*Travis Jankowski (minors),OF,3.9,577,1317,10,0.241,0.641,NA,NA,NA,NA,NA,NA,4Yr,"State University of New York at Stony Brook (Stony Brook, NY)"
2012,1s,NA,45,FrRnd,45,Pirates,Y,"$1,000,000 ",*Barrett Barnes (minors),OF,NA,NA,NA,NA,NA,NA,NA,NA,NA,NA,NA,NA,4Yr,"Texas Tech University (Lubbock, TX)"
2012,1s,NA,46,FrRnd,46,Rockies,Y,"$1,000,000 ",*Eddie Butler (minors),RHP,-2.3,58,61,0,0.049,0.129,79,12,22,5.8,1.66,2,4Yr,"Radford University (Radford, VA)"
2012,1s,NA,47,FrRnd,47,Athletics,Y,"$1,079,700 ",*Matt Olson (minors),1B,29.1,899,3272,230,0.256,0.873,NA,NA,NA,NA,NA,NA,HS,"Parkview HS (Lilburn, GA)"
2012,1s,NA,48,FrRnd,48,White Sox,Y,"$950,000 ",*Keon Barnum (minors),1B,NA,NA,NA,NA,NA,NA,NA,NA,NA,NA,NA,NA,HS,"C. Leon King HS (Tampa, FL)"
2012,1s,NA,49,FrRnd,49,Reds,Y,"$1,000,000 ",*Jesse Winker (minors),RF,4.5,610,1934,81,0.264,0.813,NA,NA,NA,NA,NA,NA,HS,"Olympia HS (Orlando, FL)"
2012,1s,NA,50,FrRnd,50,Blue Jays,Y,"$2,000,000 ",*Matt Smoral (minors),LHP,NA,NA,NA,NA,NA,NA,NA,NA,NA,NA,NA,NA,HS,"Solon HS (Solon, OH)"
2012,1s,NA,51,FrRnd,51,Dodgers,Y,"$984,700 ",*Jesmuel Valent�n (minors),SS,-0.7,46,79,1,0.177,0.562,1,0,0,27,4,0,HS,"Puerto Rico Baseball Academy (Gurabo, Puerto Rico)"
2012,1s,NA,52,FrRnd,52,Cardinals,Y,"$678,790 ",*Patrick Wisdom (minors),3B,3.5,380,1153,80,0.214,0.766,NA,NA,NA,NA,NA,NA,4Yr,"Saint Mary's College of California (Moraga, CA)"
2012,1s,NA,53,FrRnd,53,Rangers,Y,"$975,000 ",*Collin Wiles (minors),RHP,0,0,0,0,NA,NA,4,0,0,4.66,1.34,0,HS,"Blue Valley West HS (Stilwell, KS)"
2012,1s,NA,54,FrRnd,54,Phillies,Y,"$940,200 ",*Mitch Gueller (minors),RHP,NA,NA,NA,NA,NA,NA,NA,NA,NA,NA,NA,NA,HS,"W. F. West HS (Chehalis, WA)"
2012,1,NA,55,FrRnd,55,Padres,Y,"$2,000,000 ",*Walker Weickel (minors),RHP,NA,NA,NA,NA,NA,NA,NA,NA,NA,NA,NA,NA,HS,"Olympia HS (Orlando, FL)"
2012,1s,NA,56,FrRnd,56,Cubs,Y,"$911,700 ",*Paul Blackburn (minors),RHP,2.3,2,5,0,0,0,72,17,24,4.9,1.43,0,HS,"Heritage HS (Brentwood, CA)"
2012,1s,NA,57,FrRnd,57,Reds,Y,"$825,000 ",*Jeff Gelalich (minors),OF,NA,NA,NA,NA,NA,NA,NA,NA,NA,NA,NA,NA,4Yr,"University of California, Los Angeles (Los Angeles, CA)"
2012,1s,NA,58,FrRnd,58,Blue Jays,Y,"$1,000,000 ",*Mitch Nay (minors),3B,NA,NA,NA,NA,NA,NA,NA,NA,NA,NA,NA,NA,HS,"Hamilton HS (Chandler, AZ)"
2012,1s,NA,59,FrRnd,59,Cardinals,Y,"$700,000 ",*Steve Bean (minors),C,NA,NA,NA,NA,NA,NA,NA,NA,NA,NA,NA,NA,HS,"Rockwall HS (Rockwall, TX)"
2012,1s,NA,60,FrRnd,60,Blue Jays,Y,"$750,000 ",*Tyler Gonzales (minors),RHP,NA,NA,NA,NA,NA,NA,NA,NA,NA,NA,NA,NA,HS,"James Madison HS (San Antonio, TX)"
2013,1,NA,1,FrRnd,1,Astros,Y,"$6,350,000 ",Mark Appel (minors),RHP,0.3,1,0,0,NA,NA,6,0,0,1.74,1.16,0,4Yr,"Stanford University (Palo Alto, CA)"
2013,1,NA,2,FrRnd,2,Cubs,Y,"$6,708,400 ",Kris Bryant (minors),3B,28.2,1006,3747,182,0.276,0.863,NA,NA,NA,NA,NA,NA,4Yr,"University of San Diego (San Diego, CA)"
2013,1,NA,3,FrRnd,3,Rockies,Y,"$4,800,000 ",Jon Gray (minors),RHP,13.6,141,242,1,0.091,0.25,205,69,64,4.45,1.31,0,4Yr,"University of Oklahoma (Norman, OK)"
2013,1,NA,4,FrRnd,4,Twins,Y,"$4,544,400 ",Kohl Stewart (minors),RHP,0.2,4,3,0,0.333,0.667,21,5,4,4.88,1.48,0,HS,"St. Pius X HS (Houston, TX)"
2013,1,NA,5,FrRnd,5,Indians,Y,"$3,500,000 ",Clint Frazier (minors),3B,0,280,810,29,0.235,0.739,NA,NA,NA,NA,NA,NA,HS,"Loganville HS (Loganville, GA)"
2013,1,NA,6,FrRnd,6,Marlins,Y,"$3,516,500 ",Colin Moran (minors),3B,-0.2,502,1520,50,0.263,0.743,NA,NA,NA,NA,NA,NA,4Yr,"University of North Carolina at Chapel Hill (Chapel Hill, NC)"
2013,1,NA,7,FrRnd,7,Red Sox,Y,"$2,750,000 ",Trey Ball (minors),LHP,NA,NA,NA,NA,NA,NA,NA,NA,NA,NA,NA,NA,HS,"New Castle Chrysler HS (New Castle, IN)"
2013,1,NA,8,FrRnd,8,Royals,Y,"$2,200,000 ",Hunter Dozier (minors),SS,-2.6,594,2093,73,0.238,0.725,1,0,0,18,3,0,4Yr,"Stephen F. Austin State University (Nacogdoches, TX)"
2013,1,NA,9,FrRnd,9,Pirates,Y,"$3,029,600 ",*Austin Meadows (minors),CF,6.4,417,1507,70,0.259,0.806,NA,NA,NA,NA,NA,NA,HS,"Grayson HS (Loganville, GA)"
2013,1,NA,10,FrRnd,10,Blue Jays,N,,Phil Bickford (minors),RHP,0.6,58,3,0,0.333,0.667,179,11,8,4.43,1.24,2,HS,"Oaks Christian HS (Westlake, CA)"
2013,1,NA,11,FrRnd,11,Mets,Y,"$2,600,000 ",Dominic Smith (minors),1B,1.1,600,1771,58,0.248,0.721,NA,NA,NA,NA,NA,NA,HS,"Junipero Serra HS (Gardena, CA)"
2013,1,NA,12,FrRnd,12,Mariners,Y,"$2,759,100 ",D.J. Peterson (minors),3B,NA,NA,NA,NA,NA,NA,NA,NA,NA,NA,NA,NA,4Yr,"University of New Mexico (Albuquerque, NM)"
2013,1,NA,13,FrRnd,13,Padres,Y,"$2,678,000 ",Hunter Renfroe (minors),RF,10.3,841,2938,177,0.239,0.777,NA,NA,NA,NA,NA,NA,4Yr,"Mississippi State University (Mississippi State, MS)"
2013,1,NA,14,FrRnd,14,Pirates,Y,"$2,369,800 ",Reese McGuire (minors),C,1.7,302,803,13,0.259,0.679,1,0,0,0,0,0,HS,"Kentwood HS (Covington, WA)"
2013,1,NA,15,FrRnd,15,Diamondbacks,Y,"$2,250,000 ",Braden Shipley (minors),RHP,-0.1,25,34,0,0.088,0.206,26,4,6,5.49,1.6,0,4Yr,"University of Nevada, Reno (Reno, NV)"
2013,1,NA,16,FrRnd,16,Phillies,Y,"$2,299,300 ",J.P. Crawford (minors),SS,15.7,668,2407,46,0.252,0.72,NA,NA,NA,NA,NA,NA,HS,"Lakewood HS (Lakewood, CA)"
2013,1,NA,17,FrRnd,17,White Sox,Y,"$2,164,000 ",Tim Anderson (minors),SS,16.2,895,3622,98,0.282,0.735,NA,NA,NA,NA,NA,NA,JC,"East Central Community College (Decatur, MS)"
2013,1,NA,18,FrRnd,18,Dodgers,Y,"$2,109,900 ",Chris Anderson (minors),RHP,NA,NA,NA,NA,NA,NA,NA,NA,NA,NA,NA,NA,4Yr,"Jacksonville University (Jacksonville, FL)"
2013,1,NA,19,FrRnd,19,Cardinals,Y,"$1,850,000 ",Marco Gonzales (minors),LHP,8.5,18,23,0,0.217,0.565,163,65,49,4.14,1.29,0,4Yr,"Gonzaga University (Spokane, WA)"
2013,1,NA,20,FrRnd,20,Tigers,Y,"$2,001,700 ",Jonathon Crawford (minors),RHP,NA,NA,NA,NA,NA,NA,NA,NA,NA,NA,NA,NA,4Yr,"University of Florida (Gainesville, FL)"
2013,1,NA,21,FrRnd,21,Rays,Y,"$1,972,200 ",Nick Ciuffo (minors),C,-0.2,21,48,1,0.188,0.551,NA,NA,NA,NA,NA,NA,HS,"Lexington HS (Lexington, SC)"
2013,1,NA,22,FrRnd,22,Orioles,Y,"$1,947,600 ",Hunter Harvey (minors),RHP,3.4,1,0,0,NA,NA,121,7,7,2.84,1.05,10,HS,"Bandys HS (Catawba, NC)"
2013,1,NA,23,FrRnd,23,Rangers,Y,"$2,215,000 ",Chi Chi Gonz�lez (minors),RHP,-0.3,37,55,0,0.109,0.252,71,9,24,5.68,1.5,0,4Yr,"Oral Roberts University (Tulsa, OK)"
2013,1,NA,24,FrRnd,24,Athletics,Y,"$1,800,000 ",Billy McKinney (minors),CF,-0.2,311,818,34,0.209,0.674,NA,NA,NA,NA,NA,NA,HS,"Plano West HS (Plano, TX)"
2013,1,NA,25,FrRnd,25,Giants,Y,"$1,866,500 ",Christian Arroyo (minors),SS,2,295,917,24,0.252,0.693,1,0,0,0,2,0,HS,"Hernando HS (Brooksville, FL)"
2013,1,NA,26,FrRnd,26,Yankees,Y,"$1,839,400 ",Eric Jagielo (minors),3B,NA,NA,NA,NA,NA,NA,NA,NA,NA,NA,NA,NA,4Yr,"University of Notre Dame (South Bend, IN)"
2013,1,NA,27,FrRnd,27,Reds,Y,"$1,812,400 ",Phil Ervin (minors),CF,0.4,237,586,17,0.247,0.728,1,0,0,0,0,0,4Yr,"Samford University (Homewood, AL)"
2013,1,NA,28,FrRnd,28,Cardinals via Brewers,Y,"$1,785,300 ",*Rob Kaminsky (minors),LHP,-0.1,0,0,0,NA,NA,5,0,0,1.93,1.07,0,HS,"St. Joseph Regional HS (Montvale, NJ)"
2013,1,NA,29,FrRnd,29,Rays via Braves,Y,"$1,755,800 ",*Ryne Stanek (minors),RHP,4.3,37,0,0,NA,NA,338,10,14,3.45,1.27,4,4Yr,"University of Arkansas (Fayetteville, AR)"
2013,1,NA,30,FrRnd,30,Rangers via Angels,Y,"$1,900,000 ",*Travis Demeritte (minors),SS,-1.7,92,287,6,0.216,0.605,1,0,0,36,4,0,HS,"Winder-Barrow HS (Winder, GA)"
2013,1,NA,31,FrRnd,31,Braves via Indians,Y,"$1,704,200 ",*Jason Hursh (minors),RHP,-0.2,11,0,0,NA,NA,11,1,0,8.25,2,0,4Yr,"Oklahoma State University (Stillwater, OK)"
2013,1,NA,32,FrRnd,32,Yankees via Indians,Y,"$1,800,000 ",*Aaron Judge (minors),CF,41.5,835,3005,257,0.282,0.982,NA,NA,NA,NA,NA,NA,4Yr,"California State University, Fresno (Fresno, CA)"
2013,1,NA,33,FrRnd,33,Yankees via Nationals,Y,"$1,650,100 ",*Ian Clarkin (minors),LHP,NA,NA,NA,NA,NA,NA,NA,NA,NA,NA,NA,NA,HS,"Madison HS (San Diego, CA)"
2013,1,NA,34,FrRnd,34,Royals,Y,"$3,550,000 ",Sean Manaea (minors),LHP,12,8,14,0,0.214,0.552,196,65,56,4.1,1.22,1,4Yr,"Indiana State University (Terre Haute, IN)"
2013,1,NA,35,FrRnd,35,Marlins,N,,Matt Krook (minors),LHP,-0.4,0,0,NA,NA,NA,4,0,0,24.75,3.5,0,HS,"St. Ignatius College Preparatory (San Francisco, CA)"
2013,1,NA,36,FrRnd,36,Diamondbacks,Y,"$1,435,000 ",Aaron Blair (minors),RHP,-2,16,22,0,0.091,0.221,16,2,8,7.89,1.73,0,4Yr,"Marshall University (Huntington, WV)"
2013,1,NA,37,FrRnd,37,Orioles,Y,"$1,450,000 ",Josh Hart (minors),CF,NA,NA,NA,NA,NA,NA,NA,NA,NA,NA,NA,NA,HS,"Parkview HS (Lilburn, GA)"
2013,1,NA,38,FrRnd,38,Reds,Y,"$1,500,000 ",Michael Lorenzen (minors),RHP,9.4,321,133,7,0.233,0.71,342,40,38,4.11,1.32,15,4Yr,"California State University, Fullerton (Fullerton, CA)"
2013,1,NA,39,FrRnd,39,Tigers,Y,"$1,433,400 ",Corey Knebel (minors),RHP,5.6,231,2,0,0,0,312,13,16,3.26,1.24,72,4Yr,"University of Texas at Austin (Austin, TX)"